origin_airport;destination_airport_icao;destination_airport_iata;destination_airport_name;destination_airport_shortName;destination_airport_municipalityName;destination_airport_location;destination_airport_countryCode;daily_flights
BIKF;EGCC;MAN;Manchester;Manchester;Manchester;{'lat': 53.3537, 'lon': -2.27495};GB;3.29
BIKF;EGKK;LGW;London Gatwick, London;Gatwick;London;{'lat': 51.1481, 'lon': -0.190277};GB;2.86
BIKF;EGGW;LTN;London Luton, London;Luton;London;{'lat': 51.8747, 'lon': -0.368333};GB;1.86
BIKF;EGGD;BRS;Bristol, Bristol;Bristol;Bristol;{'lat': 51.3827, 'lon': -2.719089};GB;1.0
BIKF;LIMC;MXP;Malpensa, Milan;Malpensa;Milan;{'lat': 45.6306, 'lon': 8.72811};IT;0.86
BIKF;EGPH;EDI;Edinburgh, Edinburgh;Edinburgh;;{'lat': 55.95, 'lon': -3.372499};GB;0.57
EDDB;;ZRH;Kloten, Zurich;Kloten;Zurich;{'lat': 47.4647, 'lon': 8.549169};CH;7.57
EDDB;;AMS;Amsterdam Schiphol, Amsterdam;Schiphol;Amsterdam;{'lat': 52.3086, 'lon': 4.763889};NL;7.29
EDDB;;CDG;Charles de Gaulle, Paris;Charles de Gaulle;Paris;{'lat': 49.0128, 'lon': 2.549999};FR;6.86
EDDB;;BCN;Barcelona, Barcelona;Barcelona;;{'lat': 41.2971, 'lon': 2.078459};ES;4.14
EDDB;;PMI;Palma De Mallorca, Palma De Mallorca;Palma De Mallorca;;{'lat': 39.5517, 'lon': 2.73881};ES;4.0
EDDB;;ARN;Stockholm-Arlanda, Stockholm;Arlanda;Stockholm;{'lat': 59.6519, 'lon': 17.9186};SE;3.57
EDDB;;CPH;Copenhagen Kastrup, Copenhagen;Kastrup;Copenhagen;{'lat': 55.6179, 'lon': 12.656};DK;3.43
EDDB;;ORY;Paris-Orly, Paris;Orly;Paris;{'lat': 48.7253, 'lon': 2.35944};FR;3.0
EDDB;;TLV;Ben Gurion, Tel Aviv Yafo;Ben Gurion;Tel Aviv Yafo;{'lat': 32.0114, 'lon': 34.8867};IL;2.86
EDDB;;LIN;Linate, Milan;Linate;Milan;{'lat': 45.4451, 'lon': 9.27674};IT;2.43
EDDB;;LGW;London Gatwick, London;Gatwick;London;{'lat': 51.1481, 'lon': -0.190277};GB;2.0
EDDB;;MAN;Manchester, Manchester;Manchester;;{'lat': 53.3537, 'lon': -2.27495};GB;2.0
EDDB;;TFS;Tenerife South, Tenerife Island;Tenerife South;Tenerife Island;{'lat': 28.0445, 'lon': -16.5725};ES;1.95
EDDB;;HRG;Hurghada, Hurghada;Hurghada;;{'lat': 27.1783, 'lon': 33.7994};EG;1.86
EDDB;;GVA;Geneva Cointrin, Geneva;Cointrin;Geneva;{'lat': 46.2381, 'lon': 6.10895};CH;1.57
EDDB;;FCO;Leonardo da Vinci–Fiumicino, Rome;Leonardo da Vinci–Fiumicino;Rome;{'lat': 41.8045, 'lon': 12.2508};IT;1.57
EDDB;;VCE;Venice Marco Polo, Venice;Marco Polo;Venice;{'lat': 45.5053, 'lon': 12.3519};IT;1.57
EDDB;;BSL;Euro Basel-Mulhouse-Freiburg, Bâle/Mulhouse;Euro Basel-Mulhouse-Freiburg;Bâle/Mulhouse;{'lat': 47.5896, 'lon': 7.52991};FR;1.43
EDDB;;AGP;Málaga, Málaga;Málaga;;{'lat': 36.6749, 'lon': -4.49911};ES;1.29
EDDB;;LPA;Gran Canaria, Gran Canaria Island;Gran Canaria;Gran Canaria Island;{'lat': 27.9319, 'lon': -15.386599};ES;1.15
EDDB;;FUE;Fuerteventura, Fuerteventura Island;Fuerteventura;Fuerteventura Island;{'lat': 28.4527, 'lon': -13.8638};ES;1.14
EDDB;;SZG;Salzburg, Salzburg;Salzburg;;{'lat': 47.7933, 'lon': 13.0043};AT;1.14
EDDB;;EDI;Edinburgh, Edinburgh;Edinburgh;;{'lat': 55.95, 'lon': -3.372499};GB;1.0
EDDB;;LTN;London Luton, London;Luton;London;{'lat': 51.8747, 'lon': -0.368333};GB;1.0
EDDB;;ACE;Lanzarote, Lanzarote Island;Lanzarote;Lanzarote Island;{'lat': 28.9455, 'lon': -13.605199};ES;0.86
EDDB;;NAP;Naples, Nápoli;Naples;Nápoli;{'lat': 40.886, 'lon': 14.2908};IT;0.86
EDDB;;CTA;Catania-Fontanarossa, Catania;Fontanarossa;Catania;{'lat': 37.4668, 'lon': 15.066399};IT;0.57
EDDB;;FNC;Madeira, Funchal;Madeira;Funchal;{'lat': 32.6979, 'lon': -16.7745};PT;0.57
EDDB;;NCE;Nice-Côte d'Azur, Nice;Côte d'Azur;Nice;{'lat': 43.6584, 'lon': 7.215869};FR;0.57
EDDB;;VLC;Valencia, Valencia;Valencia;;{'lat': 39.4893, 'lon': -0.481624};ES;0.57
EDDB;;AQJ;Aqaba King Hussein, Aqaba;King Hussein;Aqaba;{'lat': 29.6116, 'lon': 35.0181};JO;0.29
EDDB;;BRS;Bristol, Bristol;Bristol;;{'lat': 51.3827, 'lon': -2.719089};GB;0.29
EDDB;;GLA;Glasgow, Glasgow;Glasgow;;{'lat': 55.8719, 'lon': -4.43306};GB;0.29
EDDB;;LCA;Larnaca, Larnarca;Larnaca;Larnarca;{'lat': 34.8751, 'lon': 33.6249};CY;0.29
EDDB;;PRN;Priština, Prishtina;Priština;Prishtina;{'lat': 42.5728, 'lon': 21.0358};KS;0.29
EDDB;;RMF;Marsa Alam, Marsa Alam;Marsa Alam;;{'lat': 25.5571, 'lon': 34.5837};EG;0.14
EDDH;LOWS;SZG;Salzburg, Salzburg;;Salzburg;{'lat': 47.7933, 'lon': 13.0043};AT;1.71
EDDH;EGCC;MAN;Manchester, Manchester;;Manchester;{'lat': 53.3537, 'lon': -2.27495};GB;0.86
EDDH;EGPH;EDI;Edinburgh, Edinburgh;;Edinburgh;{'lat': 55.95, 'lon': -3.372499};GB;0.57
EDDM;EGCC;MAN;Manchester, Manchester;;Manchester;{'lat': 53.3537, 'lon': -2.27495};GB;3.29
EDDM;EGPH;EDI;Edinburgh, Edinburgh;;Edinburgh;{'lat': 55.95, 'lon': -3.372499};GB;0.29
EDNY;LGW;London Gatwick, London;Gatwick;;London;{'lat': 51.1481, 'lon': -0.190277};GB;0.14
EFRO;EGKK;LGW;London Gatwick, London;Gatwick;London;{'lat': 51.1481, 'lon': -0.190277};GB;0.29
EGAA;EGKK;LGW;London Gatwick, London;Gatwick;London;{'lat': 51.1481, 'lon': -0.190277};GB;4.86
EGAA;EGGW;LTN;London Luton, London;Luton;London;{'lat': 51.8747, 'lon': -0.368333};GB;4.0
EGAA;EGGP;LPL;Liverpool John Lennon, Liverpool;John Lennon;Liverpool;{'lat': 53.3336, 'lon': -2.84972};GB;3.57
EGAA;EGBB;BHX;Birmingham, Birmingham;Birmingham;;{'lat': 52.4539, 'lon': -1.748029};GB;3.43
EGAA;EGPH;EDI;Edinburgh, Edinburgh;Edinburgh;;{'lat': 55.95, 'lon': -3.372499};GB;3.29
EGAA;EGCC;MAN;Manchester, Manchester;Manchester;;{'lat': 53.3537, 'lon': -2.27495};GB;3.29
EGAA;EGSS;STN;London Stansted, London;Stansted;London;{'lat': 51.885, 'lon': 0.234999};GB;3.0
EGAA;EGGD;BRS;Bristol, Bristol;Bristol;;{'lat': 51.3827, 'lon': -2.719089};GB;2.71
EGAA;EGPF;GLA;Glasgow, Glasgow;Glasgow;;{'lat': 55.8719, 'lon': -4.43306};GB;2.71
EGAA;EGNT;NCL;Newcastle, Newcastle upon Tyne;Newcastle;Newcastle upon Tyne;{'lat': 55.0375, 'lon': -1.691669};GB;1.71
EGAA;GCTS;TFS;Tenerife South, Tenerife Island;Tenerife South;Tenerife Island;{'lat': 28.0445, 'lon': -16.5725};ES;1.0
EGAA;LEAL;ALC;Alicante, Alicante;Alicante;;{'lat': 38.2822, 'lon': -0.558156};ES;0.86
EGAA;LSGG;GVA;Geneva Cointrin, Geneva;Cointrin;Geneva;{'lat': 46.2381, 'lon': 6.10895};CH;0.86
EGAA;LFPG;CDG;Charles de Gaulle, Paris;Charles de Gaulle;Paris;{'lat': 49.0128, 'lon': 2.549999};FR;0.86
EGAA;GCRR;ACE;Lanzarote, Lanzarote Island;Lanzarote;Lanzarote Island;{'lat': 28.9455, 'lon': -13.605199};ES;0.71
EGAA;LEMG;AGP;Málaga, Málaga;Málaga;;{'lat': 36.6749, 'lon': -4.49911};ES;0.71
EGAA;EHAM;AMS;Amsterdam Schiphol, Amsterdam;Schiphol;Amsterdam;{'lat': 52.3086, 'lon': 4.763889};NL;0.57
EGAA;GCLP;LPA;Gran Canaria, Gran Canaria Island;Gran Canaria;Gran Canaria Island;{'lat': 27.9319, 'lon': -15.386599};ES;0.57
EGAA;EGNM;LBA;Leeds Bradford, Leeds;Bradford;Leeds;{'lat': 53.8659, 'lon': -1.66057};GB;0.57
EGAA;LPFR;FAO;Faro, Faro;Faro;;{'lat': 37.0144, 'lon': -7.965909};PT;0.43
EGAA;EGNS;IOM;Isle of Man, Castletown;Isle of Man;Castletown;{'lat': 54.0833, 'lon': -4.623889};IM;0.43
EGAA;LFLL;LYS;Lyon Saint-Exupéry, Lyon;Saint-Exupéry;Lyon;{'lat': 45.7264, 'lon': 5.090829};FR;0.43
EGAC;EGPF;GLA;Glasgow, Glasgow;Glasgow;;{'lat': 55.8719, 'lon': -4.43306};GB;2.71
EGAC;EGKK;LGW;London Gatwick, London;Gatwick;London;{'lat': 51.1481, 'lon': -0.190277};GB;2.0
EGAC;EGGP;LPL;Liverpool John Lennon, Liverpool;John Lennon;Liverpool;{'lat': 53.3336, 'lon': -2.84972};GB;0.88
EGAC;EGGD;BRS;Bristol, Bristol;Bristol;;{'lat': 51.3827, 'lon': -2.719089};GB;0.29
EGCC;;AMS;Amsterdam Schiphol, Amsterdam;Schiphol;Amsterdam;{'lat': 52.3086, 'lon': 4.763889};NL;7.86
EGCC;;TFS;Tenerife South, Tenerife Island;Tenerife South;Tenerife Island;{'lat': 28.0445, 'lon': -16.5725};ES;7.0
EGCC;;CDG;Charles de Gaulle, Paris;Charles de Gaulle;Paris;{'lat': 49.0128, 'lon': 2.549999};FR;6.43
EGCC;;ALC;Alicante, Alicante;Alicante;;{'lat': 38.2822, 'lon': -0.558156};ES;5.0
EGCC;;GVA;Geneva Cointrin, Geneva;Cointrin;Geneva;{'lat': 46.2381, 'lon': 6.10895};CH;4.7
EGCC;;ACE;Lanzarote, Lanzarote Island;Lanzarote;Lanzarote Island;{'lat': 28.9455, 'lon': -13.605199};ES;4.14
EGCC;;BCN;Barcelona, Barcelona;Barcelona;;{'lat': 41.2971, 'lon': 2.078459};ES;3.71
EGCC;;BFS;Belfast, Belfast;Belfast;;{'lat': 54.6575, 'lon': -6.215829};GB;3.57
EGCC;;CPH;Copenhagen Kastrup, Copenhagen;Kastrup;Copenhagen;{'lat': 55.6179, 'lon': 12.656};DK;3.43
EGCC;;KEF;Keflavik, Reykjavik;Keflavik;Reykjavik;{'lat': 63.985, 'lon': -22.6056};IS;3.14
EGCC;;AGP;Málaga, Málaga;Málaga;;{'lat': 36.6749, 'lon': -4.49911};ES;3.0
EGCC;;MUC;Munich, Munich;Munich;;{'lat': 48.3538, 'lon': 11.7861};DE;3.0
EGCC;;IOM;Isle of Man, Castletown;Isle of Man;Castletown;{'lat': 54.0833, 'lon': -4.623889};IM;2.86
EGCC;;LIS;Lisbon Portela, Lisbon;Portela;Lisbon;{'lat': 38.7813, 'lon': -9.135919};PT;2.86
EGCC;;MXP;Malpensa, Milan;Malpensa;Milan;{'lat': 45.6306, 'lon': 8.72811};IT;2.57
EGCC;;FUE;Fuerteventura, Fuerteventura Island;Fuerteventura;Fuerteventura Island;{'lat': 28.4527, 'lon': -13.8638};ES;2.14
EGCC;;PRG;Ruzyn, Prague;Ruzyn;Prague;{'lat': 50.1008, 'lon': 14.26};CZ;2.14
EGCC;;LPA;Gran Canaria, Gran Canaria Island;Gran Canaria;Gran Canaria Island;{'lat': 27.9319, 'lon': -15.386599};ES;2.0
EGCC;;FAO;Faro, Faro;Faro;;{'lat': 37.0144, 'lon': -7.965909};PT;1.86
EGCC;;AYT;Antalya, Antalya;Antalya;;{'lat': 36.8987, 'lon': 30.8005};TR;1.71
EGCC;;BER;Berlin Brandenburg, Berlin;Brandenburg;Berlin;{'lat': 52.35139, 'lon': 13.493889};DE;1.71
EGCC;;KRK;John Paul II   Kraków-Balice, Kraków;John Paul II   -Balice;Kraków;{'lat': 50.0777, 'lon': 19.7848};PL;1.71
EGCC;;RAK;Menara, Marrakech;Menara;Marrakech;{'lat': 31.6069, 'lon': -8.036299};MA;1.43
EGCC;;AGA;Al Massira, Agadir;Al Massira;Agadir;{'lat': 30.325, 'lon': -9.413069};MA;1.29
EGCC;;FNC;Madeira, Funchal;Madeira;Funchal;{'lat': 32.6979, 'lon': -16.7745};PT;1.29
EGCC;;PMI;Palma De Mallorca, Palma De Mallorca;Palma De Mallorca;;{'lat': 39.5517, 'lon': 2.73881};ES;1.29
EGCC;;ATH;Eleftherios Venizelos, Athens;Eleftherios Venizelos;Athens;{'lat': 37.9364, 'lon': 23.944498};GR;1.14
EGCC;;MLA;Malta, Luqa;Malta;Luqa;{'lat': 35.8575, 'lon': 14.4775};MT;1.14
EGCC;;PFO;Paphos, Paphos;Paphos;;{'lat': 34.718, 'lon': 32.4857};CY;1.14
EGCC;;SOF;Sofia, Sofia;Sofia;;{'lat': 42.696693, 'lon': 23.411436};BG;1.14
EGCC;;HRG;Hurghada, Hurghada;Hurghada;;{'lat': 27.1783, 'lon': 33.7994};EG;1.0
EGCC;;INN;Innsbruck, Innsbruck;Innsbruck;;{'lat': 47.2602, 'lon': 11.343999};AT;1.0
EGCC;;SSH;Sharm el Sheikh, Sharm el Sheikh;Sharm el Sheikh;;{'lat': 27.9773, 'lon': 34.395};EG;1.0
EGCC;;HAM;Hamburg, Hamburg;Hamburg;;{'lat': 53.6304, 'lon': 9.988229};DE;0.86
EGCC;;VCE;Venice Marco Polo, Venice;Marco Polo;Venice;{'lat': 45.5053, 'lon': 12.3519};IT;0.86
EGCC;;TRN;Turin, Torino;Turin;Torino;{'lat': 45.2008, 'lon': 7.64963};IT;0.75
EGCC;;OPO;Francisco de Sá Carneiro, Porto;Francisco de Sá Carneiro;Porto;{'lat': 41.2481, 'lon': -8.681389};PT;0.71
EGCC;;BSL;Euro Basel-Mulhouse-Freiburg, Bâle/Mulhouse;Euro Basel-Mulhouse-Freiburg;Bâle/Mulhouse;{'lat': 47.5896, 'lon': 7.52991};FR;0.57
EGCC;;BOD;Bordeaux-Mérignac, Bordeaux/Mérignac;Bordeaux-Mérignac;Bordeaux/Mérignac;{'lat': 44.8283, 'lon': -0.715556};FR;0.57
EGCC;;GIB;Gibraltar, Gibraltar;Gibraltar;;{'lat': 36.1512, 'lon': -5.349659};GI;0.57
EGCC;;JER;Jersey, St Helier;Jersey;St Helier;{'lat': 49.2079, 'lon': -2.195509};JE;0.57
EGCC;;PSA;Pisa, Pisa;Pisa;;{'lat': 43.6839, 'lon': 10.3927};IT;0.57
EGCC;;NBE;Enfidha - Hammamet, Enfidha;Hammamet;Enfidha;{'lat': 36.075832, 'lon': 10.438611};TN;0.43
EGCC;;TLV;Ben Gurion, Tel Aviv Yafo;Ben Gurion;Tel Aviv Yafo;{'lat': 32.0114, 'lon': 34.8867};IL;0.43
EGCC;;BIO;Bilbao, Bilbao;Bilbao;;{'lat': 43.3011, 'lon': -2.910609};ES;0.29
EGCC;;DLM;Dalaman, Dalaman;Dalaman;;{'lat': 36.7131, 'lon': 28.7925};TR;0.29
EGCC;;LYS;Lyon Saint-Exupéry, Lyon;Saint-Exupéry;Lyon;{'lat': 45.7264, 'lon': 5.090829};FR;0.29
EGCC;;NCE;Nice-Côte d'Azur, Nice;Côte d'Azur;Nice;{'lat': 43.6584, 'lon': 7.215869};FR;0.29
EGGD;;AMS;Amsterdam Schiphol, Amsterdam;Schiphol;Amsterdam;{'lat': 52.3086, 'lon': 4.763889};NL;4.14
EGGD;;EDI;Edinburgh, Edinburgh;Edinburgh;;{'lat': 55.95, 'lon': -3.372499};GB;4.0
EGGD;;GVA;Geneva Cointrin, Geneva;Cointrin;Geneva;{'lat': 46.2381, 'lon': 6.10895};CH;4.0
EGGD;;GLA;Glasgow, Glasgow;Glasgow;;{'lat': 55.8719, 'lon': -4.43306};GB;3.0
EGGD;;ALC;Alicante, Alicante;Alicante;;{'lat': 38.2822, 'lon': -0.558156};ES;2.86
EGGD;;BFS;Belfast, Belfast;Belfast;;{'lat': 54.6575, 'lon': -6.215829};GB;2.71
EGGD;;TFS;Tenerife South, Tenerife Island;Tenerife South;Tenerife Island;{'lat': 28.0445, 'lon': -16.5725};ES;2.44
EGGD;;AGP;Málaga, Málaga;Málaga;;{'lat': 36.6749, 'lon': -4.49911};ES;2.43
EGGD;;FAO;Faro, Faro;Faro;;{'lat': 37.0144, 'lon': -7.965909};PT;2.0
EGGD;;BCN;Barcelona, Barcelona;Barcelona;;{'lat': 41.2971, 'lon': 2.078459};ES;1.86
EGGD;;CDG;Charles de Gaulle, Paris;Charles de Gaulle;Paris;{'lat': 49.0128, 'lon': 2.549999};FR;1.86
EGGD;;ACE;Lanzarote, Lanzarote Island;Lanzarote;Lanzarote Island;{'lat': 28.9455, 'lon': -13.605199};ES;1.72
EGGD;;ORY;Paris-Orly, Paris;Orly;Paris;{'lat': 48.7253, 'lon': 2.35944};FR;1.57
EGGD;;NCL;Newcastle, Newcastle upon Tyne;Newcastle;Newcastle upon Tyne;{'lat': 55.0375, 'lon': -1.691669};GB;1.43
EGGD;;KRK;John Paul II   Kraków-Balice, Kraków;John Paul II   -Balice;Kraków;{'lat': 50.0777, 'lon': 19.7848};PL;1.29
EGGD;;MAD;Adolfo Suárez Madrid–Barajas, Madrid;Adolfo Suárez –Barajas;Madrid;{'lat': 40.4936, 'lon': -3.56676};ES;1.29
EGGD;;LIS;Lisbon Portela, Lisbon;Portela;Lisbon;{'lat': 38.7813, 'lon': -9.135919};PT;1.14
EGGD;;PMI;Palma De Mallorca, Palma De Mallorca;Palma De Mallorca;;{'lat': 39.5517, 'lon': 2.73881};ES;0.86
EGGD;;KEF;Keflavik, Reykjavik;Keflavik;Reykjavik;{'lat': 63.985, 'lon': -22.6056};IS;0.86
EGGD;;FCO;Leonardo da Vinci–Fiumicino, Rome;Leonardo da Vinci–Fiumicino;Rome;{'lat': 41.8045, 'lon': 12.2508};IT;0.86
EGGD;;LPA;Gran Canaria, Gran Canaria Island;Gran Canaria;Gran Canaria Island;{'lat': 27.9319, 'lon': -15.386599};ES;0.83
EGGD;;BSL;Euro Basel-Mulhouse-Freiburg, Bâle/Mulhouse;Euro Basel-Mulhouse-Freiburg;Bâle/Mulhouse;{'lat': 47.5896, 'lon': 7.52991};FR;0.57
EGGD;;FUE;Fuerteventura, Fuerteventura Island;Fuerteventura;Fuerteventura Island;{'lat': 28.4527, 'lon': -13.8638};ES;0.57
EGGD;;FNC;Madeira, Funchal;Madeira;Funchal;{'lat': 32.6979, 'lon': -16.7745};PT;0.57
EGGD;;INN;Innsbruck, Innsbruck;Innsbruck;;{'lat': 47.2602, 'lon': 11.343999};AT;0.57
EGGD;;INV;Inverness, Inverness;Inverness;;{'lat': 57.5425, 'lon': -4.0475};GB;0.57
EGGD;;PFO;Paphos, Paphos;Paphos;;{'lat': 34.718, 'lon': 32.4857};CY;0.57
EGGD;;PRG;Ruzyn, Prague;Ruzyn;Prague;{'lat': 50.1008, 'lon': 14.26};CZ;0.57
EGGD;;SZG;Salzburg, Salzburg;Salzburg;;{'lat': 47.7933, 'lon': 13.0043};AT;0.57
EGGD;;TLS;Toulouse-Blagnac, Toulouse-Blagnac;Toulouse-Blagnac;;{'lat': 43.6291, 'lon': 1.363819};FR;0.57
EGGD;;GIB;Gibraltar, Gibraltar;Gibraltar;;{'lat': 36.1512, 'lon': -5.349659};GI;0.43
EGGD;;GNB;Grenoble-Isère, Grenoble/Saint-Geoirs;Grenoble-Isère;Grenoble/Saint-Geoirs;{'lat': 45.3629, 'lon': 5.32937};FR;0.43
EGGD;;HRG;Hurghada, Hurghada;Hurghada;;{'lat': 27.1783, 'lon': 33.7994};EG;0.43
EGGD;;LYS;Lyon Saint-Exupéry, Lyon;Saint-Exupéry;Lyon;{'lat': 45.7264, 'lon': 5.090829};FR;0.43
EGGD;;OPO;Francisco de Sá Carneiro, Porto;Francisco de Sá Carneiro;Porto;{'lat': 41.2481, 'lon': -8.681389};PT;0.43
EGGD;;SOF;Sofia, Sofia;Sofia;;{'lat': 42.696693, 'lon': 23.411436};BG;0.43
EGGD;;ATH;Eleftherios Venizelos, Athens;Eleftherios Venizelos;Athens;{'lat': 37.9364, 'lon': 23.944498};GR;0.29
EGGD;;BHD;George Best Belfast City, Belfast;George Best  City;Belfast;{'lat': 54.6181, 'lon': -5.872499};GB;0.29
EGGD;;BER;Berlin Brandenburg, Berlin;Brandenburg;Berlin;{'lat': 52.35139, 'lon': 13.493889};DE;0.29
EGGD;;CPH;Copenhagen Kastrup, Copenhagen;Kastrup;Copenhagen;{'lat': 55.6179, 'lon': 12.656};DK;0.29
EGGD;;IOM;Isle of Man, Castletown;Isle of Man;Castletown;{'lat': 54.0833, 'lon': -4.623889};IM;0.29
EGGD;;NCE;Nice-Côte d'Azur, Nice;Côte d'Azur;Nice;{'lat': 43.6584, 'lon': 7.215869};FR;0.29
EGGD;;PSA;Pisa, Pisa;Pisa;;{'lat': 43.6839, 'lon': 10.3927};IT;0.29
EGGD;;SSH;Sharm el Sheikh, Sharm el Sheikh;Sharm el Sheikh;;{'lat': 27.9773, 'lon': 34.395};EG;0.29
EGGD;;TRN;Turin, Torino;Turin;Torino;{'lat': 45.2008, 'lon': 7.64963};IT;0.29
EGGD;;VCE;Venice Marco Polo, Venice;Marco Polo;Venice;{'lat': 45.5053, 'lon': 12.3519};IT;0.29
EGGP;EGAA;BFS;Belfast, Belfast;;Belfast;{'lat': 54.6575, 'lon': -6.215829};GB;3.29
EGGP;LEAL;ALC;Alicante, Alicante;;Alicante;{'lat': 38.2822, 'lon': -0.558156};ES;1.71
EGGP;LEMG;AGP;Málaga, Málaga;;Málaga;{'lat': 36.6749, 'lon': -4.49911};ES;1.0
EGGP;LPFR;FAO;Faro, Faro;;Faro;{'lat': 37.0144, 'lon': -7.965909};PT;0.57
EGGP;LEPA;PMI;Palma De Mallorca, Palma De Mallorca;;Palma De Mallorca;{'lat': 39.5517, 'lon': 2.73881};ES;0.43
EGGP;LTAI;AYT;Antalya, Antalya;;Antalya;{'lat': 36.8987, 'lon': 30.8005};TR;0.14
EGGP;LOWS;SZG;Salzburg, Salzburg;;Salzburg;{'lat': 47.7933, 'lon': 13.0043};AT;0.14
EGGW;LSGG;GVA;Geneva Cointrin, Geneva;Cointrin;Geneva;{'lat': 46.2381, 'lon': 6.10895};CH;7.86
EGGW;EHAM;AMS;Amsterdam Schiphol, Amsterdam;Schiphol;Amsterdam;{'lat': 52.3086, 'lon': 4.763889};NL;5.57
EGGW;EGAA;BFS;Belfast, Belfast;Belfast;;{'lat': 54.6575, 'lon': -6.215829};GB;3.43
EGGW;LLBG;TLV;Ben Gurion, Tel Aviv Yafo;Ben Gurion;Tel Aviv Yafo;{'lat': 32.0114, 'lon': 34.8867};IL;3.29
EGGW;EGPH;EDI;Edinburgh, Edinburgh;Edinburgh;;{'lat': 55.95, 'lon': -3.372499};GB;3.0
EGGW;LEMG;AGP;Málaga, Málaga;Málaga;;{'lat': 36.6749, 'lon': -4.49911};ES;3.0
EGGW;LFPG;CDG;Charles de Gaulle, Paris;Charles de Gaulle;Paris;{'lat': 49.0128, 'lon': 2.549999};FR;2.96
EGGW;EPKK;KRK;John Paul II   Kraków-Balice, Kraków;John Paul II   -Balice;Kraków;{'lat': 50.0777, 'lon': 19.7848};PL;2.86
EGGW;LPPT;LIS;Lisbon Portela, Lisbon;Portela;Lisbon;{'lat': 38.7813, 'lon': -9.135919};PT;2.86
EGGW;EGPF;GLA;Glasgow, Glasgow;Glasgow;;{'lat': 55.8719, 'lon': -4.43306};GB;2.14
EGGW;BIKF;KEF;Keflavik, Reykjavik;Keflavik;Reykjavik;{'lat': 63.985, 'lon': -22.6056};IS;2.14
EGGW;LIMC;MXP;Malpensa, Milan;Malpensa;Milan;{'lat': 45.6306, 'lon': 8.72811};IT;2.0
EGGW;GCTS;TFS;Tenerife South, Tenerife Island;Tenerife South;Tenerife Island;{'lat': 28.0445, 'lon': -16.5725};ES;2.0
EGGW;LEBL;BCN;Barcelona, Barcelona;Barcelona;;{'lat': 41.2971, 'lon': 2.078459};ES;1.86
EGGW;GCRR;ACE;Lanzarote, Lanzarote Island;Lanzarote;Lanzarote Island;{'lat': 28.9455, 'lon': -13.605199};ES;1.86
EGGW;LEAL;ALC;Alicante, Alicante;Alicante;;{'lat': 38.2822, 'lon': -0.558156};ES;1.71
EGGW;LPFR;FAO;Faro, Faro;Faro;;{'lat': 37.0144, 'lon': -7.965909};PT;1.71
EGGW;LCLK;LCA;Larnaca, Larnarca;Larnaca;Larnarca;{'lat': 34.8751, 'lon': 33.6249};CY;1.57
EGGW;EGJJ;JER;Jersey, St Helier;Jersey;St Helier;{'lat': 49.2079, 'lon': -2.195509};JE;1.43
EGGW;LFLL;LYS;Lyon Saint-Exupéry, Lyon;Saint-Exupéry;Lyon;{'lat': 45.7264, 'lon': 5.090829};FR;1.29
EGGW;EGPD;ABZ;Aberdeen Dyce, Aberdeen;Dyce;Aberdeen;{'lat': 57.2019, 'lon': -2.197779};GB;1.14
EGGW;EDDB;BER;Berlin Brandenburg, Berlin;Brandenburg;Berlin;{'lat': 52.35139, 'lon': 13.493889};DE;1.14
EGGW;EGPE;INV;Inverness, Inverness;Inverness;;{'lat': 57.5425, 'lon': -4.0475};GB;1.14
EGGW;LPPR;OPO;Francisco de Sá Carneiro, Porto;Francisco de Sá Carneiro;Porto;{'lat': 41.2481, 'lon': -8.681389};PT;1.14
EGGW;LTAI;AYT;Antalya, Antalya;Antalya;;{'lat': 36.8987, 'lon': 30.8005};TR;1.0
EGGW;LIRN;NAP;Naples, Nápoli;Naples;Nápoli;{'lat': 40.886, 'lon': 14.2908};IT;1.0
EGGW;LFLS;GNB;Grenoble-Isère, Grenoble/Saint-Geoirs;Grenoble-Isère;Grenoble/Saint-Geoirs;{'lat': 45.3629, 'lon': 5.32937};FR;0.86
EGGW;GCFV;FUE;Fuerteventura, Fuerteventura Island;Fuerteventura;Fuerteventura Island;{'lat': 28.4527, 'lon': -13.8638};ES;0.71
EGGW;HEGN;HRG;Hurghada, Hurghada;Hurghada;;{'lat': 27.1783, 'lon': 33.7994};EG;0.71
EGGW;LEMD;MAD;Adolfo Suárez Madrid–Barajas, Madrid;Adolfo Suárez –Barajas;Madrid;{'lat': 40.4936, 'lon': -3.56676};ES;0.71
EGGW;HESH;SSH;Sharm el Sheikh, Sharm el Sheikh;Sharm el Sheikh;;{'lat': 27.9773, 'lon': 34.395};EG;0.71
EGGW;LSZH;ZRH;Kloten, Zurich;Kloten;Zurich;{'lat': 47.4647, 'lon': 8.549169};CH;0.71
EGGW;GCLP;LPA;Gran Canaria, Gran Canaria Island;Gran Canaria;Gran Canaria Island;{'lat': 27.9319, 'lon': -15.386599};ES;0.57
EGGW;LFMN;NCE;Nice-Côte d'Azur, Nice;Côte d'Azur;Nice;{'lat': 43.6584, 'lon': 7.215869};FR;0.57
EGGW;LTBS;DLM;Dalaman, Dalaman;Dalaman;;{'lat': 36.7131, 'lon': 28.7925};TR;0.43
EGGW;LOWI;INN;Innsbruck, Innsbruck;Innsbruck;;{'lat': 47.2602, 'lon': 11.343999};AT;0.43
EGGW;GMMX;RAK;Menara, Marrakech;Menara;Marrakech;{'lat': 31.6069, 'lon': -8.036299};MA;0.43
EGGW;LEPA;PMI;Palma De Mallorca, Palma De Mallorca;Palma De Mallorca;;{'lat': 39.5517, 'lon': 2.73881};ES;0.43
EGGW;LIMF;TRN;Turin, Torino;Turin;Torino;{'lat': 45.2008, 'lon': 7.64963};IT;0.43
EGGW;GMAD;AGA;Al Massira, Agadir;Al Massira;Agadir;{'lat': 30.325, 'lon': -9.413069};MA;0.29
EGGW;LICC;CTA;Catania-Fontanarossa, Catania;Fontanarossa;Catania;{'lat': 37.4668, 'lon': 15.066399};IT;0.29
EGGW;LICJ;PMO;Falcone–Borsellino, Palermo;Falcone–Borsellino;Palermo;{'lat': 38.176, 'lon': 13.090999};IT;0.29
EGGW;LCPH;PFO;Paphos, Paphos;Paphos;;{'lat': 34.718, 'lon': 32.4857};CY;0.29
EGGW;LOWS;SZG;Salzburg, Salzburg;Salzburg;;{'lat': 47.7933, 'lon': 13.0043};AT;0.29
EGHH;LSGG;GVA;Geneva Cointrin, Geneva;Cointrin;Geneva;{'lat': 46.2381, 'lon': 6.10895};CH;1.0
EGHI;GVA;Geneva Cointrin, Geneva;Cointrin;;Geneva;{'lat': 46.2381, 'lon': 6.10895};CH;0.86
EGKK;LEBL;BCN;Barcelona, Barcelona;;Barcelona;{'lat': 41.2971, 'lon': 2.078459};ES;11.0
EGKK;LEMG;AGP;Málaga, Málaga;;Málaga;{'lat': 36.6749, 'lon': -4.49911};ES;5.71
EGKK;EGAA;BFS;Belfast, Belfast;;Belfast;{'lat': 54.6575, 'lon': -6.215829};GB;5.14
EGKK;EGPH;EDI;Edinburgh, Edinburgh;;Edinburgh;{'lat': 55.95, 'lon': -3.372499};GB;4.43
EGKK;LPFR;FAO;Faro, Faro;;Faro;{'lat': 37.0144, 'lon': -7.965909};PT;4.14
EGKK;LEAL;ALC;Alicante, Alicante;;Alicante;{'lat': 38.2822, 'lon': -0.558156};ES;4.01
EGKK;LEBB;BIO;Bilbao, Bilbao;;Bilbao;{'lat': 43.3011, 'lon': -2.910609};ES;3.29
EGKK;EGPF;GLA;Glasgow, Glasgow;;Glasgow;{'lat': 55.8719, 'lon': -4.43306};GB;3.14
EGKK;LOWI;INN;Innsbruck, Innsbruck;;Innsbruck;{'lat': 47.2602, 'lon': 11.343999};AT;3.11
EGKK;LEPA;PMI;Palma De Mallorca, Palma De Mallorca;;Palma De Mallorca;{'lat': 39.5517, 'lon': 2.73881};ES;3.0
EGKK;LEVC;VLC;Valencia, Valencia;;Valencia;{'lat': 39.4893, 'lon': -0.481624};ES;2.86
EGKK;LOWS;SZG;Salzburg, Salzburg;;Salzburg;{'lat': 47.7933, 'lon': 13.0043};AT;2.44
EGKK;EGPE;INV;Inverness, Inverness;;Inverness;{'lat': 57.5425, 'lon': -4.0475};GB;2.43
EGKK;EDDM;MUC;Munich, Munich;;Munich;{'lat': 48.3538, 'lon': 11.7861};DE;2.29
EGKK;LBSF;SOF;Sofia, Sofia;;Sofia;{'lat': 42.696693, 'lon': 23.411436};BG;1.65
EGKK;LFBO;TLS;Toulouse-Blagnac, Toulouse-Blagnac;;Toulouse-Blagnac;{'lat': 43.6291, 'lon': 1.363819};FR;1.47
EGKK;LTAI;AYT;Antalya, Antalya;;Antalya;{'lat': 36.8987, 'lon': 30.8005};TR;1.43
EGKK;LIRP;PSA;Pisa, Pisa;;Pisa;{'lat': 43.6839, 'lon': 10.3927};IT;1.29
EGKK;HEGN;HRG;Hurghada, Hurghada;;Hurghada;{'lat': 27.1783, 'lon': 33.7994};EG;1.21
EGKK;LCPH;PFO;Paphos, Paphos;;Paphos;{'lat': 34.718, 'lon': 32.4857};CY;1.14
EGKK;HESH;SSH;Sharm el Sheikh, Sharm el Sheikh;;Sharm el Sheikh;{'lat': 27.9773, 'lon': 34.395};EG;1.13
EGKK;LXGB;GIB;Gibraltar, Gibraltar;;Gibraltar;{'lat': 36.1512, 'lon': -5.349659};GI;1.0
EGKK;LEAM;LEI;Almería, Almería;;Almería;{'lat': 36.8439, 'lon': -2.3701};ES;0.71
EGKK;EDDH;HAM;Hamburg, Hamburg;;Hamburg;{'lat': 53.6304, 'lon': 9.988229};DE;0.71
EGKK;LTBS;DLM;Dalaman, Dalaman;;Dalaman;{'lat': 36.7131, 'lon': 28.7925};TR;0.31
EGKK;EFRO;RVN;Rovaniemi, Rovaniemi;;Rovaniemi;{'lat': 66.5648, 'lon': 25.8304};FI;0.29
EGKK;EDNY;FDH;Friedrichshafen, Friedrichshafen;;Friedrichshafen;{'lat': 47.6713, 'lon': 9.511489};DE;0.14
EGNM;EGAA;BFS;Belfast, Belfast;;Belfast;{'lat': 54.6575, 'lon': -6.215829};GB;0.43
EGNS;EGGP;LPL;Liverpool John Lennon, Liverpool;John Lennon;Liverpool;{'lat': 53.3336, 'lon': -2.84972};GB;2.86
EGNS;EGCC;MAN;Manchester, Manchester;Manchester;;{'lat': 53.3537, 'lon': -2.27495};GB;2.67
EGNS;EGKK;LGW;London Gatwick, London;Gatwick;London;{'lat': 51.1481, 'lon': -0.190277};GB;1.43
EGNS;EGAA;BFS;Belfast, Belfast;Belfast;;{'lat': 54.6575, 'lon': -6.215829};GB;0.43
EGNS;EGGD;BRS;Bristol, Bristol;Bristol;;{'lat': 51.3827, 'lon': -2.719089};GB;0.43
EGPD;EGKK;LGW;London Gatwick, London;Gatwick;London;{'lat': 51.1481, 'lon': -0.190277};GB;2.0
EGPD;EGGW;LTN;London Luton, London;Luton;London;{'lat': 51.8747, 'lon': -0.368333};GB;1.14
EGPD;LSGG;GVA;Geneva Cointrin, Geneva;Cointrin;Geneva;{'lat': 46.2381, 'lon': 6.10895};CH;0.14
EGPE;EGKK;LGW;London Gatwick, London;Gatwick;London;{'lat': 51.1481, 'lon': -0.190277};GB;2.86
EGPE;EGGW;LTN;London Luton, London;Luton;London;{'lat': 51.8747, 'lon': -0.368333};GB;1.57
EGPE;EGGD;BRS;Bristol, Bristol;Bristol;;{'lat': 51.3827, 'lon': -2.719089};GB;0.71
EGPF;EHAM;AMS;Amsterdam Schiphol, Amsterdam;Schiphol;Amsterdam;{'lat': 52.3086, 'lon': 4.763889};NL;4.29
EGPF;EGAC;BHD;George Best Belfast City, Belfast;George Best  City;Belfast;{'lat': 54.6181, 'lon': -5.872499};GB;3.0
EGPF;EGGD;BRS;Bristol, Bristol;Bristol;;{'lat': 51.3827, 'lon': -2.719089};GB;3.0
EGPF;EGKK;LGW;London Gatwick, London;Gatwick;London;{'lat': 51.1481, 'lon': -0.190277};GB;3.0
EGPF;EGAA;BFS;Belfast, Belfast;Belfast;;{'lat': 54.6575, 'lon': -6.215829};GB;2.71
EGPF;EGGW;LTN;London Luton, London;Luton;London;{'lat': 51.8747, 'lon': -0.368333};GB;2.14
EGPF;GCTS;TFS;Tenerife South, Tenerife Island;Tenerife South;Tenerife Island;{'lat': 28.0445, 'lon': -16.5725};ES;1.87
EGPF;LEAL;ALC;Alicante, Alicante;Alicante;;{'lat': 38.2822, 'lon': -0.558156};ES;1.71
EGPF;EGSS;STN;London Stansted, London;Stansted;London;{'lat': 51.885, 'lon': 0.234999};GB;1.53
EGPF;EGBB;BHX;Birmingham, Birmingham;Birmingham;;{'lat': 52.4539, 'lon': -1.748029};GB;1.43
EGPF;LFPG;CDG;Charles de Gaulle, Paris;Charles de Gaulle;Paris;{'lat': 49.0128, 'lon': 2.549999};FR;1.14
EGPF;LEMG;AGP;Málaga, Málaga;Málaga;;{'lat': 36.6749, 'lon': -4.49911};ES;1.0
EGPF;GCLP;LPA;Gran Canaria, Gran Canaria Island;Gran Canaria;Gran Canaria Island;{'lat': 27.9319, 'lon': -15.386599};ES;0.86
EGPF;LSGG;GVA;Geneva Cointrin, Geneva;Cointrin;Geneva;{'lat': 46.2381, 'lon': 6.10895};CH;0.71
EGPF;LPFR;FAO;Faro, Faro;Faro;;{'lat': 37.0144, 'lon': -7.965909};PT;0.43
EGPF;GMAD;AGA;Al Massira, Agadir;Al Massira;Agadir;{'lat': 30.325, 'lon': -9.413069};MA;0.29
EGPF;EDDB;BER;Berlin Brandenburg, Berlin;Brandenburg;Berlin;{'lat': 52.35139, 'lon': 13.493889};DE;0.29
EGPF;EGJJ;JER;Jersey, St Helier;Jersey;St Helier;{'lat': 49.2079, 'lon': -2.195509};JE;0.14
EGPH;EGSS;STN;London Stansted, London;Stansted;London;{'lat': 51.885, 'lon': 0.234999};GB;5.63
EGPH;EHAM;AMS;Amsterdam Schiphol, Amsterdam;Schiphol;Amsterdam;{'lat': 52.3086, 'lon': 4.763889};NL;5.43
EGPH;EGKK;LGW;London Gatwick, London;Gatwick;London;{'lat': 51.1481, 'lon': -0.190277};GB;4.29
EGPH;EGGD;BRS;Bristol, Bristol;Bristol;;{'lat': 51.3827, 'lon': -2.719089};GB;4.08
EGPH;LFPG;CDG;Charles de Gaulle, Paris;Charles de Gaulle;Paris;{'lat': 49.0128, 'lon': 2.549999};FR;3.89
EGPH;EGAA;BFS;Belfast, Belfast;Belfast;;{'lat': 54.6575, 'lon': -6.215829};GB;3.31
EGPH;EGGW;LTN;London Luton, London;Luton;London;{'lat': 51.8747, 'lon': -0.368333};GB;3.0
EGPH;LSGG;GVA;Geneva Cointrin, Geneva;Cointrin;Geneva;{'lat': 46.2381, 'lon': 6.10895};CH;2.57
EGPH;GCTS;TFS;Tenerife South, Tenerife Island;Tenerife South;Tenerife Island;{'lat': 28.0445, 'lon': -16.5725};ES;2.29
EGPH;LEAL;ALC;Alicante, Alicante;Alicante;;{'lat': 38.2822, 'lon': -0.558156};ES;1.71
EGPH;EGBB;BHX;Birmingham, Birmingham;Birmingham;;{'lat': 52.4539, 'lon': -1.748029};GB;1.71
EGPH;GCRR;ACE;Lanzarote, Lanzarote Island;Lanzarote;Lanzarote Island;{'lat': 28.9455, 'lon': -13.605199};ES;1.43
EGPH;LEMD;MAD;Adolfo Suárez Madrid–Barajas, Madrid;Adolfo Suárez –Barajas;Madrid;{'lat': 40.4936, 'lon': -3.56676};ES;1.29
EGPH;GCFV;FUE;Fuerteventura, Fuerteventura Island;Fuerteventura;Fuerteventura Island;{'lat': 28.4527, 'lon': -13.8638};ES;1.15
EGPH;EDDB;BER;Berlin Brandenburg, Berlin;Brandenburg;Berlin;{'lat': 52.35139, 'lon': 13.493889};DE;1.14
EGPH;EKCH;CPH;Copenhagen Kastrup, Copenhagen;Kastrup;Copenhagen;{'lat': 55.6179, 'lon': 12.656};DK;1.14
EGPH;EPKK;KRK;John Paul II   Kraków-Balice, Kraków;John Paul II   -Balice;Kraków;{'lat': 50.0777, 'lon': 19.7848};PL;1.14
EGPH;LPPT;LIS;Lisbon Portela, Lisbon;Portela;Lisbon;{'lat': 38.7813, 'lon': -9.135919};PT;0.86
EGPH;LIMC;MXP;Malpensa, Milan;Malpensa;Milan;{'lat': 45.6306, 'lon': 8.72811};IT;0.71
EGPH;LFSB;BSL;Euro Basel-Mulhouse-Freiburg, Bâle/Mulhouse;Euro Basel-Mulhouse-Freiburg;Bâle/Mulhouse;{'lat': 47.5896, 'lon': 7.52991};FR;0.57
EGPH;EDDH;HAM;Hamburg, Hamburg;Hamburg;;{'lat': 53.6304, 'lon': 9.988229};DE;0.57
EGPH;BIKF;KEF;Keflavik, Reykjavik;Keflavik;Reykjavik;{'lat': 63.985, 'lon': -22.6056};IS;0.57
EGPH;LFLS;GNB;Grenoble-Isère, Grenoble/Saint-Geoirs;Grenoble-Isère;Grenoble/Saint-Geoirs;{'lat': 45.3629, 'lon': 5.32937};FR;0.45
EGPH;EDDM;MUC;Munich, Munich;Munich;;{'lat': 48.3538, 'lon': 11.7861};DE;0.29
EGPH;LIRN;NAP;Naples, Nápoli;Naples;Nápoli;{'lat': 40.886, 'lon': 14.2908};IT;0.29
EGPH;LCPH;PFO;Paphos, Paphos;Paphos;;{'lat': 34.718, 'lon': 32.4857};CY;0.29
EGPH;LFLL;LYS;Lyon Saint-Exupéry, Lyon;Saint-Exupéry;Lyon;{'lat': 45.7264, 'lon': 5.090829};FR;0.14
EGSS;EGPH;EDI;Edinburgh, Edinburgh;;Edinburgh;{'lat': 55.95, 'lon': -3.372499};GB;6.14
EGSS;EGAA;BFS;Belfast, Belfast;;Belfast;{'lat': 54.6575, 'lon': -6.215829};GB;2.15
EGSS;EGPF;GLA;Glasgow, Glasgow;;Glasgow;{'lat': 55.8719, 'lon': -4.43306};GB;1.43
EHAM;EKCH;CPH;Copenhagen Kastrup, Copenhagen;Kastrup;Copenhagen;{'lat': 55.6179, 'lon': 12.656};DK;12.61
EHAM;EGKK;LGW;London Gatwick, London;Gatwick;London;{'lat': 51.1481, 'lon': -0.190277};GB;8.0
EHAM;EDDB;BER;Berlin Brandenburg, Berlin;Brandenburg;Berlin;{'lat': 52.35139, 'lon': 13.493889};DE;7.86
EHAM;EGCC;MAN;Manchester, Manchester;Manchester;;{'lat': 53.3537, 'lon': -2.27495};GB;7.86
EHAM;LIRF;FCO;Leonardo da Vinci–Fiumicino, Rome;Leonardo da Vinci–Fiumicino;Rome;{'lat': 41.8045, 'lon': 12.2508};IT;7.85
EHAM;LPPT;LIS;Lisbon Portela, Lisbon;Portela;Lisbon;{'lat': 38.7813, 'lon': -9.135919};PT;7.43
EHAM;LSGG;GVA;Geneva Cointrin, Geneva;Cointrin;Geneva;{'lat': 46.2381, 'lon': 6.10895};CH;7.14
EHAM;LIML;LIN;Linate, Milan;Linate;Milan;{'lat': 45.4451, 'lon': 9.27674};IT;6.34
EHAM;EGGW;LTN;London Luton, London;Luton;London;{'lat': 51.8747, 'lon': -0.368333};GB;5.57
EHAM;EGPH;EDI;Edinburgh, Edinburgh;Edinburgh;;{'lat': 55.95, 'lon': -3.372499};GB;5.44
EHAM;LEMG;AGP;Málaga, Málaga;Málaga;;{'lat': 36.6749, 'lon': -4.49911};ES;4.86
EHAM;EGBB;BHX;Birmingham, Birmingham;Birmingham;;{'lat': 52.4539, 'lon': -1.748029};GB;4.57
EHAM;EGGD;BRS;Bristol, Bristol;Bristol;;{'lat': 51.3827, 'lon': -2.719089};GB;4.57
EHAM;LKPR;PRG;Ruzyn, Prague;Ruzyn;Prague;{'lat': 50.1008, 'lon': 14.26};CZ;4.57
EHAM;EGPF;GLA;Glasgow, Glasgow;Glasgow;;{'lat': 55.8719, 'lon': -4.43306};GB;4.29
EHAM;LIMC;MXP;Malpensa, Milan;Malpensa;Milan;{'lat': 45.6306, 'lon': 8.72811};IT;4.29
EHAM;LLBG;TLV;Ben Gurion, Tel Aviv Yafo;Ben Gurion;Tel Aviv Yafo;{'lat': 32.0114, 'lon': 34.8867};IL;4.29
EHAM;LIPZ;VCE;Venice Marco Polo, Venice;Marco Polo;Venice;{'lat': 45.5053, 'lon': 12.3519};IT;4.14
EHAM;LFSB;BSL;Euro Basel-Mulhouse-Freiburg, Bâle/Mulhouse;Euro Basel-Mulhouse-Freiburg;Bâle/Mulhouse;{'lat': 47.5896, 'lon': 7.52991};FR;4.0
EHAM;LEAL;ALC;Alicante, Alicante;Alicante;;{'lat': 38.2822, 'lon': -0.558156};ES;3.71
EHAM;LFMN;NCE;Nice-Côte d'Azur, Nice;Côte d'Azur;Nice;{'lat': 43.6584, 'lon': 7.215869};FR;3.29
EHAM;GCLP;LPA;Gran Canaria, Gran Canaria Island;Gran Canaria;Gran Canaria Island;{'lat': 27.9319, 'lon': -15.386599};ES;3.0
EHAM;LOWI;INN;Innsbruck, Innsbruck;Innsbruck;;{'lat': 47.2602, 'lon': 11.343999};AT;2.43
EHAM;GCTS;TFS;Tenerife South, Tenerife Island;Tenerife South;Tenerife Island;{'lat': 28.0445, 'lon': -16.5725};ES;2.43
EHAM;LIRN;NAP;Naples, Nápoli;Naples;Nápoli;{'lat': 40.886, 'lon': 14.2908};IT;2.14
EHAM;EGSS;STN;London Stansted, London;Stansted;London;{'lat': 51.885, 'lon': 0.234999};GB;1.86
EHAM;LPFR;FAO;Faro, Faro;Faro;;{'lat': 37.0144, 'lon': -7.965909};PT;1.71
EHAM;HEGN;HRG;Hurghada, Hurghada;Hurghada;;{'lat': 27.1783, 'lon': 33.7994};EG;1.57
EHAM;LOWS;SZG;Salzburg, Salzburg;Salzburg;;{'lat': 47.7933, 'lon': 13.0043};AT;1.57
EHAM;GCRR;ACE;Lanzarote, Lanzarote Island;Lanzarote;Lanzarote Island;{'lat': 28.9455, 'lon': -13.605199};ES;1.43
EHAM;GMMX;RAK;Menara, Marrakech;Menara;Marrakech;{'lat': 31.6069, 'lon': -8.036299};MA;1.14
EHAM;GCFV;FUE;Fuerteventura, Fuerteventura Island;Fuerteventura;Fuerteventura Island;{'lat': 28.4527, 'lon': -13.8638};ES;1.0
EHAM;EGGP;LPL;Liverpool John Lennon, Liverpool;John Lennon;Liverpool;{'lat': 53.3336, 'lon': -2.84972};GB;1.0
EHAM;EGAA;BFS;Belfast, Belfast;Belfast;;{'lat': 54.6575, 'lon': -6.215829};GB;0.71
EHAM;LIME;BGY;Orio al Serio, Bergamo;Orio al Serio;Bergamo;{'lat': 45.6739, 'lon': 9.70417};IT;0.43
EHAM;HESH;SSH;Sharm el Sheikh, Sharm el Sheikh;Sharm el Sheikh;;{'lat': 27.9773, 'lon': 34.395};EG;0.43
EKCH;EHAM;AMS;Amsterdam Schiphol, Amsterdam;Schiphol;Amsterdam;{'lat': 52.3086, 'lon': 4.763889};NL;13.14
EKCH;LFPG;CDG;Charles de Gaulle, Paris;Charles de Gaulle;Paris;{'lat': 49.0128, 'lon': 2.549999};FR;7.59
EKCH;EGKK;LGW;London Gatwick, London;Gatwick;London;{'lat': 51.1481, 'lon': -0.190277};GB;7.44
EKCH;LSGG;GVA;Geneva Cointrin, Geneva;Cointrin;Geneva;{'lat': 46.2381, 'lon': 6.10895};CH;3.86
EKCH;LIMC;MXP;Malpensa, Milan;Malpensa;Milan;{'lat': 45.6306, 'lon': 8.72811};IT;3.72
EKCH;EDDB;BER;Berlin Brandenburg, Berlin;Brandenburg;Berlin;{'lat': 52.35139, 'lon': 13.493889};DE;3.57
EKCH;EGCC;MAN;Manchester, Manchester;Manchester;;{'lat': 53.3537, 'lon': -2.27495};GB;3.43
EKCH;EGPH;EDI;Edinburgh, Edinburgh;Edinburgh;;{'lat': 55.95, 'lon': -3.372499};GB;1.14
EKCH;LFSB;BSL;Euro Basel-Mulhouse-Freiburg, Bâle/Mulhouse;Euro Basel-Mulhouse-Freiburg;Bâle/Mulhouse;{'lat': 47.5896, 'lon': 7.52991};FR;0.71
EKCH;LFLL;LYS;Lyon Saint-Exupéry, Lyon;Saint-Exupéry;Lyon;{'lat': 45.7264, 'lon': 5.090829};FR;0.43
EKCH;LFBD;BOD;Bordeaux-Mérignac, Bordeaux/Mérignac;Bordeaux-Mérignac;Bordeaux/Mérignac;{'lat': 44.8283, 'lon': -0.715556};FR;0.29
EKCH;EGGD;BRS;Bristol, Bristol;Bristol;;{'lat': 51.3827, 'lon': -2.719089};GB;0.29
ELLX;LPPR;OPO;Francisco de Sá Carneiro, Porto;Francisco de Sá Carneiro;Porto;{'lat': 41.2481, 'lon': -8.681389};PT;5.43
ELLX;LIMC;MXP;Malpensa, Milan;Malpensa;Milan;{'lat': 45.6306, 'lon': 8.72811};IT;3.45
ELLX;LPPT;LIS;Lisbon Portela, Lisbon;Portela;Lisbon;{'lat': 38.7813, 'lon': -9.135919};PT;3.43
EPKK;EGGW;LTN;London Luton, London;Luton;London;{'lat': 51.8747, 'lon': -0.368333};GB;2.86
EPKK;EGCC;MAN;Manchester, Manchester;Manchester;;{'lat': 53.3537, 'lon': -2.27495};GB;1.71
EPKK;LFPG;CDG;Charles de Gaulle, Paris;Charles de Gaulle;Paris;{'lat': 49.0128, 'lon': 2.549999};FR;1.71
EPKK;EGKK;LGW;London Gatwick, London;Gatwick;London;{'lat': 51.1481, 'lon': -0.190277};GB;1.57
EPKK;EGGD;BRS;Bristol, Bristol;Bristol;;{'lat': 51.3827, 'lon': -2.719089};GB;1.43
EPKK;EGPH;EDI;Edinburgh, Edinburgh;Edinburgh;;{'lat': 55.95, 'lon': -3.372499};GB;1.14
ESSA;EDDB;BER;Berlin Brandenburg, Berlin;Brandenburg;Berlin;{'lat': 52.35139, 'lon': 13.493889};DE;3.23
ESSA;LSGG;GVA;Geneva Cointrin, Geneva;Cointrin;Geneva;{'lat': 46.2381, 'lon': 6.10895};CH;2.43
GCFV;EGCC;MAN;Manchester, Manchester;Manchester;;{'lat': 53.3537, 'lon': -2.27495};GB;2.29
GCFV;EGKK;LGW;London Gatwick, London;Gatwick;London;{'lat': 51.1481, 'lon': -0.190277};GB;1.71
GCFV;EGPH;EDI;Edinburgh, Edinburgh;Edinburgh;;{'lat': 55.95, 'lon': -3.372499};GB;1.14
GCFV;EGGD;BRS;Bristol, Bristol;Bristol;;{'lat': 51.3827, 'lon': -2.719089};GB;1.0
GCFV;EHAM;AMS;Amsterdam Schiphol, Amsterdam;Schiphol;Amsterdam;{'lat': 52.3086, 'lon': 4.763889};NL;0.71
GCFV;EDDB;BER;Berlin Brandenburg, Berlin;Brandenburg;Berlin;{'lat': 52.35139, 'lon': 13.493889};DE;0.71
GCFV;EGGW;LTN;London Luton, London;Luton;London;{'lat': 51.8747, 'lon': -0.368333};GB;0.57
GCFV;LFLL;LYS;Lyon Saint-Exupéry, Lyon;Saint-Exupéry;Lyon;{'lat': 45.7264, 'lon': 5.090829};FR;0.43
GCFV;LFSB;BSL;Euro Basel-Mulhouse-Freiburg, Bâle/Mulhouse;Euro Basel-Mulhouse-Freiburg;Bâle/Mulhouse;{'lat': 47.5896, 'lon': 7.52991};FR;0.29
GCFV;LSGG;GVA;Geneva Cointrin, Geneva;Cointrin;Geneva;{'lat': 46.2381, 'lon': 6.10895};CH;0.29
GCFV;LIMC;MXP;Malpensa, Milan;Malpensa;Milan;{'lat': 45.6306, 'lon': 8.72811};IT;0.29
GCFV;LFPG;CDG;Charles de Gaulle, Paris;Charles de Gaulle;Paris;{'lat': 49.0128, 'lon': 2.549999};FR;0.29
GCFV;LPPT;LIS;Lisbon Portela, Lisbon;Portela;Lisbon;{'lat': 38.7813, 'lon': -9.135919};PT;0.14
GCLP;EHAM;AMS;Amsterdam Schiphol, Amsterdam;Schiphol;Amsterdam;{'lat': 52.3086, 'lon': 4.763889};NL;2.86
GCLP;EGKK;LGW;London Gatwick, London;Gatwick;London;{'lat': 51.1481, 'lon': -0.190277};GB;2.29
GCLP;EDDB;BER;Berlin Brandenburg, Berlin;Brandenburg;Berlin;{'lat': 52.35139, 'lon': 13.493889};DE;1.43
GCLP;LPPT;LIS;Lisbon Portela, Lisbon;Portela;Lisbon;{'lat': 38.7813, 'lon': -9.135919};PT;1.0
GCLP;EGGD;BRS;Bristol, Bristol;Bristol;;{'lat': 51.3827, 'lon': -2.719089};GB;0.71
GCLP;EGPF;GLA;Glasgow, Glasgow;Glasgow;;{'lat': 55.8719, 'lon': -4.43306};GB;0.71
GCLP;EGGW;LTN;London Luton, London;Luton;London;{'lat': 51.8747, 'lon': -0.368333};GB;0.57
GCLP;EGAA;BFS;Belfast, Belfast;Belfast;;{'lat': 54.6575, 'lon': -6.215829};GB;0.43
GCLP;LFSB;BSL;Euro Basel-Mulhouse-Freiburg, Bâle/Mulhouse;Euro Basel-Mulhouse-Freiburg;Bâle/Mulhouse;{'lat': 47.5896, 'lon': 7.52991};FR;0.29
GCLP;LSGG;GVA;Geneva Cointrin, Geneva;Cointrin;Geneva;{'lat': 46.2381, 'lon': 6.10895};CH;0.14
GCRR;EGCC;MAN;Manchester, Manchester;Manchester;;{'lat': 53.3537, 'lon': -2.27495};GB;4.43
GCRR;EGKK;LGW;London Gatwick, London;Gatwick;London;{'lat': 51.1481, 'lon': -0.190277};GB;3.57
GCRR;EGGD;BRS;Bristol, Bristol;Bristol;;{'lat': 51.3827, 'lon': -2.719089};GB;1.86
GCRR;EHAM;AMS;Amsterdam Schiphol, Amsterdam;Schiphol;Amsterdam;{'lat': 52.3086, 'lon': 4.763889};NL;1.71
GCRR;EGPH;EDI;Edinburgh, Edinburgh;Edinburgh;;{'lat': 55.95, 'lon': -3.372499};GB;1.43
GCRR;EGGW;LTN;London Luton, London;Luton;London;{'lat': 51.8747, 'lon': -0.368333};GB;1.29
GCRR;EGGP;LPL;Liverpool John Lennon, Liverpool;John Lennon;Liverpool;{'lat': 53.3336, 'lon': -2.84972};GB;1.0
GCRR;EDDB;BER;Berlin Brandenburg, Berlin;Brandenburg;Berlin;{'lat': 52.35139, 'lon': 13.493889};DE;0.71
GCRR;LFPG;CDG;Charles de Gaulle, Paris;Charles de Gaulle;Paris;{'lat': 49.0128, 'lon': 2.549999};FR;0.71
GCRR;EGAA;BFS;Belfast, Belfast;Belfast;;{'lat': 54.6575, 'lon': -6.215829};GB;0.57
GCRR;LFSB;BSL;Euro Basel-Mulhouse-Freiburg, Bâle/Mulhouse;Euro Basel-Mulhouse-Freiburg;Bâle/Mulhouse;{'lat': 47.5896, 'lon': 7.52991};FR;0.43
GCRR;LFBD;BOD;Bordeaux-Mérignac, Bordeaux/Mérignac;Bordeaux-Mérignac;Bordeaux/Mérignac;{'lat': 44.8283, 'lon': -0.715556};FR;0.43
GCRR;LFLL;LYS;Lyon Saint-Exupéry, Lyon;Saint-Exupéry;Lyon;{'lat': 45.7264, 'lon': 5.090829};FR;0.43
GCRR;LIMC;MXP;Malpensa, Milan;Malpensa;Milan;{'lat': 45.6306, 'lon': 8.72811};IT;0.43
GCTS;EGCC;MAN;Manchester, Manchester;;Manchester;{'lat': 53.3537, 'lon': -2.27495};GB;7.43
GCTS;EGGD;BRS;Bristol, Bristol;;Bristol;{'lat': 51.3827, 'lon': -2.719089};GB;2.71
GCTS;EGPH;EDI;Edinburgh, Edinburgh;;Edinburgh;{'lat': 55.95, 'lon': -3.372499};GB;2.29
GCTS;EGPF;GLA;Glasgow, Glasgow;;Glasgow;{'lat': 55.8719, 'lon': -4.43306};GB;1.71
GCTS;EGAA;BFS;Belfast, Belfast;;Belfast;{'lat': 54.6575, 'lon': -6.215829};GB;1.14
GMAD;EGKK;LGW;London Gatwick, London;Gatwick;London;{'lat': 51.1481, 'lon': -0.190277};GB;1.43
GMAD;EGCC;MAN;Manchester, Manchester;Manchester;;{'lat': 53.3537, 'lon': -2.27495};GB;0.86
GMAD;LFLL;LYS;Lyon Saint-Exupéry, Lyon;Saint-Exupéry;Lyon;{'lat': 45.7264, 'lon': 5.090829};FR;0.71
GMAD;LSGG;GVA;Geneva Cointrin, Geneva;Cointrin;Geneva;{'lat': 46.2381, 'lon': 6.10895};CH;0.43
GMAD;LFSB;BSL;Euro Basel-Mulhouse-Freiburg, Bâle/Mulhouse;Euro Basel-Mulhouse-Freiburg;Bâle/Mulhouse;{'lat': 47.5896, 'lon': 7.52991};FR;0.29
GMAD;EGPF;GLA;Glasgow, Glasgow;Glasgow;;{'lat': 55.8719, 'lon': -4.43306};GB;0.29
GMAD;EGGW;LTN;London Luton, London;Luton;London;{'lat': 51.8747, 'lon': -0.368333};GB;0.29
GMMX;EGKK;LGW;London Gatwick, London;Gatwick;London;{'lat': 51.1481, 'lon': -0.190277};GB;4.0
GMMX;LFPG;CDG;Charles de Gaulle, Paris;Charles de Gaulle;Paris;{'lat': 49.0128, 'lon': 2.549999};FR;2.43
GMMX;LPPT;LIS;Lisbon Portela, Lisbon;Portela;Lisbon;{'lat': 38.7813, 'lon': -9.135919};PT;2.29
GMMX;LFRS;NTE;Nantes Atlantique, Nantes;Atlantique;Nantes;{'lat': 47.1532, 'lon': -1.61073};FR;2.29
GMMX;LFBD;BOD;Bordeaux-Mérignac, Bordeaux/Mérignac;Bordeaux-Mérignac;Bordeaux/Mérignac;{'lat': 44.8283, 'lon': -0.715556};FR;2.14
GMMX;LSGG;GVA;Geneva Cointrin, Geneva;Cointrin;Geneva;{'lat': 46.2381, 'lon': 6.10895};CH;1.71
GMMX;LFLL;LYS;Lyon Saint-Exupéry, Lyon;Saint-Exupéry;Lyon;{'lat': 45.7264, 'lon': 5.090829};FR;1.71
GMMX;LIMC;MXP;Malpensa, Milan;Malpensa;Milan;{'lat': 45.6306, 'lon': 8.72811};IT;1.58
GMMX;LFBO;TLS;Toulouse-Blagnac, Toulouse-Blagnac;Toulouse-Blagnac;;{'lat': 43.6291, 'lon': 1.363819};FR;1.43
GMMX;EHAM;AMS;Amsterdam Schiphol, Amsterdam;Schiphol;Amsterdam;{'lat': 52.3086, 'lon': 4.763889};NL;1.14
GMMX;LFMN;NCE;Nice-Côte d'Azur, Nice;Côte d'Azur;Nice;{'lat': 43.6584, 'lon': 7.215869};FR;1.02
GMMX;LFSB;BSL;Euro Basel-Mulhouse-Freiburg, Bâle/Mulhouse;Euro Basel-Mulhouse-Freiburg;Bâle/Mulhouse;{'lat': 47.5896, 'lon': 7.52991};FR;1.0
GMMX;EGCC;MAN;Manchester, Manchester;Manchester;;{'lat': 53.3537, 'lon': -2.27495};GB;1.0
GMMX;EGGW;LTN;London Luton, London;Luton;London;{'lat': 51.8747, 'lon': -0.368333};GB;0.43
HEGN;;AMS;Amsterdam Schiphol, Amsterdam;Schiphol;Amsterdam;{'lat': 52.3086, 'lon': 4.763889};NL;1.71
HEGN;;BER;Berlin Brandenburg, Berlin;Brandenburg;Berlin;{'lat': 52.35139, 'lon': 13.493889};DE;1.0
HEGN;;LGW;London Gatwick, London;Gatwick;London;{'lat': 51.1481, 'lon': -0.190277};GB;1.0
HEGN;;LTN;London Luton, London;Luton;London;{'lat': 51.8747, 'lon': -0.368333};GB;0.71
HEGN;;BSL;Euro Basel-Mulhouse-Freiburg, Bâle/Mulhouse;Euro Basel-Mulhouse-Freiburg;Bâle/Mulhouse;{'lat': 47.5896, 'lon': 7.52991};FR;0.57
HEGN;;GVA;Geneva Cointrin, Geneva;Cointrin;Geneva;{'lat': 46.2381, 'lon': 6.10895};CH;0.57
HEGN;;MAN;Manchester, Manchester;Manchester;;{'lat': 53.3537, 'lon': -2.27495};GB;0.57
HEGN;;BRS;Bristol, Bristol;Bristol;;{'lat': 51.3827, 'lon': -2.719089};GB;0.43
HEGN;;MXP;Malpensa, Milan;Malpensa;Milan;{'lat': 45.6306, 'lon': 8.72811};IT;0.43
HEMA;;LIMC;MXP;Malpensa, Milan;Milan;{'lat': 45.6306, 'lon': 8.72811};IT;1.43
HEMA;;EDDB;BER;Berlin Brandenburg, Berlin;Berlin;{'lat': 52.35139, 'lon': 13.493889};DE;0.29
HESH;;MXP;Malpensa, Milan;Malpensa;Milan;{'lat': 45.6306, 'lon': 8.72811};IT;1.87
HESH;;NAP;Naples, Nápoli;Naples;Nápoli;{'lat': 40.886, 'lon': 14.2908};IT;1.15
HESH;;LGW;London Gatwick, London;Gatwick;London;{'lat': 51.1481, 'lon': -0.190277};GB;1.0
HESH;;LTN;London Luton, London;Luton;London;{'lat': 51.8747, 'lon': -0.368333};GB;0.86
HESH;;MAN;Manchester, Manchester;Manchester;;{'lat': 53.3537, 'lon': -2.27495};GB;0.57
HESH;;AMS;Amsterdam Schiphol, Amsterdam;Schiphol;Amsterdam;{'lat': 52.3086, 'lon': 4.763889};NL;0.43
HESH;;BRS;Bristol, Bristol;Bristol;;{'lat': 51.3827, 'lon': -2.719089};GB;0.29
LBSF;;LGW;London Gatwick, London;Gatwick;London;{'lat': 51.1481, 'lon': -0.190277};GB;1.43
LBSF;;MAN;Manchester, Manchester;Manchester;;{'lat': 53.3537, 'lon': -2.27495};GB;0.86
LBSF;;BRS;Bristol, Bristol;Bristol;;{'lat': 51.3827, 'lon': -2.719089};GB;0.43
LCLK;EGKK;LGW;London Gatwick, London;Gatwick;London;{'lat': 51.1481, 'lon': -0.190277};GB;1.71
LCLK;EGGW;LTN;London Luton, London;Luton;London;{'lat': 51.8747, 'lon': -0.368333};GB;1.43
LCLK;LFPG;CDG;Charles de Gaulle, Paris;Charles de Gaulle;Paris;{'lat': 49.0128, 'lon': 2.549999};FR;0.71
LCLK;EDDB;BER;Berlin Brandenburg, Berlin;Brandenburg;Berlin;{'lat': 52.35139, 'lon': 13.493889};DE;0.29
LCLK;EGGP;LPL;Liverpool John Lennon, Liverpool;John Lennon;Liverpool;{'lat': 53.3336, 'lon': -2.84972};GB;0.29
LCPH;EGCC;MAN;Manchester, Manchester;Manchester;;{'lat': 53.3537, 'lon': -2.27495};GB;1.14
LCPH;EGKK;LGW;London Gatwick, London;Gatwick;London;{'lat': 51.1481, 'lon': -0.190277};GB;1.0
LCPH;EGGD;BRS;Bristol, Bristol;Bristol;;{'lat': 51.3827, 'lon': -2.719089};GB;0.46
LCPH;EGPH;EDI;Edinburgh, Edinburgh;Edinburgh;;{'lat': 55.95, 'lon': -3.372499};GB;0.43
LCPH;EGGW;LTN;London Luton, London;Luton;London;{'lat': 51.8747, 'lon': -0.368333};GB;0.29
LEAL;EGCC;MAN;Manchester, Manchester;;Manchester;{'lat': 53.3537, 'lon': -2.27495};GB;5.0
LEAL;EGGD;BRS;Bristol, Bristol;;Bristol;{'lat': 51.3827, 'lon': -2.719089};GB;3.0
LEAL;EGPH;EDI;Edinburgh, Edinburgh;;Edinburgh;{'lat': 55.95, 'lon': -3.372499};GB;1.71
LEAL;EGPF;GLA;Glasgow, Glasgow;;Glasgow;{'lat': 55.8719, 'lon': -4.43306};GB;1.71
LEAL;EGAA;BFS;Belfast, Belfast;;Belfast;{'lat': 54.6575, 'lon': -6.215829};GB;0.86
LEAM;EGKK;LGW;London Gatwick, London;Gatwick;London;{'lat': 51.1481, 'lon': -0.190277};GB;0.71
LEBB;LPPT;LIS;Lisbon Portela, Lisbon;Portela;Lisbon;{'lat': 38.7813, 'lon': -9.135919};PT;3.29
LEBB;EGKK;LGW;London Gatwick, London;Gatwick;London;{'lat': 51.1481, 'lon': -0.190277};GB;3.14
LEBB;EGCC;MAN;Manchester, Manchester;Manchester;;{'lat': 53.3537, 'lon': -2.27495};GB;0.29
LEBL;;LIS;Lisbon Portela, Lisbon;Portela;Lisbon;{'lat': 38.7813, 'lon': -9.135919};PT;13.3
LEBL;;LGW;London Gatwick, London;Gatwick;London;{'lat': 51.1481, 'lon': -0.190277};GB;9.46
LEBL;;CDG;Charles de Gaulle, Paris;Charles de Gaulle;Paris;{'lat': 49.0128, 'lon': 2.549999};FR;8.86
LEBL;;MXP;Malpensa, Milan;Malpensa;Milan;{'lat': 45.6306, 'lon': 8.72811};IT;7.88
LEBL;;GVA;Geneva Cointrin, Geneva;Cointrin;Geneva;{'lat': 46.2381, 'lon': 6.10895};CH;4.72
LEBL;;BER;Berlin Brandenburg, Berlin;Brandenburg;Berlin;{'lat': 52.35139, 'lon': 13.493889};DE;4.15
LEBL;;MAN;Manchester, Manchester;Manchester;;{'lat': 53.3537, 'lon': -2.27495};GB;3.71
LEBL;;NAP;Naples, Nápoli;Naples;Nápoli;{'lat': 40.886, 'lon': 14.2908};IT;2.29
LEBL;;NCE;Nice-Côte d'Azur, Nice;Côte d'Azur;Nice;{'lat': 43.6584, 'lon': 7.215869};FR;2.16
LEBL;;BRS;Bristol, Bristol;Bristol;;{'lat': 51.3827, 'lon': -2.719089};GB;2.14
LEBL;;LYS;Lyon Saint-Exupéry, Lyon;Saint-Exupéry;Lyon;{'lat': 45.7264, 'lon': 5.090829};FR;2.14
LEBL;;BSL;Euro Basel-Mulhouse-Freiburg, Bâle/Mulhouse;Euro Basel-Mulhouse-Freiburg;Bâle/Mulhouse;{'lat': 47.5896, 'lon': 7.52991};FR;2.05
LEBL;;LTN;London Luton, London;Luton;London;{'lat': 51.8747, 'lon': -0.368333};GB;1.86
LEMD;LPPT;LIS;Lisbon Portela, Lisbon;Portela;Lisbon;{'lat': 38.7813, 'lon': -9.135919};PT;20.0
LEMD;LPPR;OPO;Francisco de Sá Carneiro, Porto;Francisco de Sá Carneiro;Porto;{'lat': 41.2481, 'lon': -8.681389};PT;11.0
LEMD;LFPG;CDG;Charles de Gaulle, Paris;Charles de Gaulle;Paris;{'lat': 49.0128, 'lon': 2.549999};FR;7.51
LEMD;EGKK;LGW;London Gatwick, London;Gatwick;London;{'lat': 51.1481, 'lon': -0.190277};GB;7.29
LEMD;LSGG;GVA;Geneva Cointrin, Geneva;Cointrin;Geneva;{'lat': 46.2381, 'lon': 6.10895};CH;6.43
LEMD;EGGD;BRS;Bristol, Bristol;Bristol;;{'lat': 51.3827, 'lon': -2.719089};GB;1.29
LEMD;EGPH;EDI;Edinburgh, Edinburgh;Edinburgh;;{'lat': 55.95, 'lon': -3.372499};GB;1.29
LEMD;LFSB;BSL;Euro Basel-Mulhouse-Freiburg, Bâle/Mulhouse;Euro Basel-Mulhouse-Freiburg;Bâle/Mulhouse;{'lat': 47.5896, 'lon': 7.52991};FR;0.71
LEMD;EGGW;LTN;London Luton, London;Luton;London;{'lat': 51.8747, 'lon': -0.368333};GB;0.57
LEMG;EGKK;LGW;London Gatwick, London;Gatwick;London;{'lat': 51.1481, 'lon': -0.190277};GB;5.86
LEMG;EHAM;AMS;Amsterdam Schiphol, Amsterdam;Schiphol;Amsterdam;{'lat': 52.3086, 'lon': 4.763889};NL;4.57
LEMG;EGCC;MAN;Manchester, Manchester;Manchester;;{'lat': 53.3537, 'lon': -2.27495};GB;3.0
LEMG;EGGD;BRS;Bristol, Bristol;Bristol;;{'lat': 51.3827, 'lon': -2.719089};GB;2.14
LEMG;EGGW;LTN;London Luton, London;Luton;London;{'lat': 51.8747, 'lon': -0.368333};GB;2.14
LEMG;EDDB;BER;Berlin Brandenburg, Berlin;Brandenburg;Berlin;{'lat': 52.35139, 'lon': 13.493889};DE;1.29
LEMG;LSGG;GVA;Geneva Cointrin, Geneva;Cointrin;Geneva;{'lat': 46.2381, 'lon': 6.10895};CH;1.29
LEMG;LIMC;MXP;Malpensa, Milan;Malpensa;Milan;{'lat': 45.6306, 'lon': 8.72811};IT;1.14
LEMG;LFSB;BSL;Euro Basel-Mulhouse-Freiburg, Bâle/Mulhouse;Euro Basel-Mulhouse-Freiburg;Bâle/Mulhouse;{'lat': 47.5896, 'lon': 7.52991};FR;1.0
LEMG;EGPF;GLA;Glasgow, Glasgow;Glasgow;;{'lat': 55.8719, 'lon': -4.43306};GB;1.0
LEMG;EGGP;LPL;Liverpool John Lennon, Liverpool;John Lennon;Liverpool;{'lat': 53.3336, 'lon': -2.84972};GB;0.86
LEMG;EGAA;BFS;Belfast, Belfast;Belfast;;{'lat': 54.6575, 'lon': -6.215829};GB;0.71
LEMI;EGKK;LGW;London Gatwick, London;Gatwick;London;{'lat': 51.1481, 'lon': -0.190277};GB;0.86
LEPA;;BER;Berlin Brandenburg, Berlin;Brandenburg;Berlin;{'lat': 52.35139, 'lon': 13.493889};DE;3.43
LEPA;;LGW;London Gatwick, London;Gatwick;London;{'lat': 51.1481, 'lon': -0.190277};GB;2.86
LEPA;;BSL;Euro Basel-Mulhouse-Freiburg, Bâle/Mulhouse;Euro Basel-Mulhouse-Freiburg;Bâle/Mulhouse;{'lat': 47.5896, 'lon': 7.52991};FR;1.43
LEPA;;MAN;Manchester, Manchester;Manchester;;{'lat': 53.3537, 'lon': -2.27495};GB;1.14
LEPA;;BRS;Bristol, Bristol;Bristol;;{'lat': 51.3827, 'lon': -2.719089};GB;0.71
LEPA;;LPL;Liverpool John Lennon, Liverpool;John Lennon;Liverpool;{'lat': 53.3336, 'lon': -2.84972};GB;0.43
LEPA;;LTN;London Luton, London;Luton;London;{'lat': 51.8747, 'lon': -0.368333};GB;0.43
LEPA;;GVA;Geneva Cointrin, Geneva;Cointrin;Geneva;{'lat': 46.2381, 'lon': 6.10895};CH;0.29
LEST;;LSGG;GVA;Geneva Cointrin, Geneva;Geneva;{'lat': 46.2381, 'lon': 6.10895};CH;0.86
LEST;;LFSB;BSL;Euro Basel-Mulhouse-Freiburg, Bâle/Mulhouse;Bâle/Mulhouse;{'lat': 47.5896, 'lon': 7.52991};FR;0.43
LEVC;;LIS;Lisbon Portela, Lisbon;Portela;Lisbon;{'lat': 38.7813, 'lon': -9.135919};PT;3.0
LEVC;;LGW;London Gatwick, London;Gatwick;London;{'lat': 51.1481, 'lon': -0.190277};GB;2.57
LEVC;;BER;Berlin Brandenburg, Berlin;Brandenburg;Berlin;{'lat': 52.35139, 'lon': 13.493889};DE;0.57
LEZL;;LGW;London Gatwick, London;Gatwick;London;{'lat': 51.1481, 'lon': -0.190277};GB;2.57
LEZL;;GVA;Geneva Cointrin, Geneva;Cointrin;Geneva;{'lat': 46.2381, 'lon': 6.10895};CH;0.71
LFBD;LFLL;LYS;Lyon Saint-Exupéry, Lyon;Saint-Exupéry;Lyon;{'lat': 45.7264, 'lon': 5.090829};FR;4.53
LFBD;EGKK;LGW;London Gatwick, London;Gatwick;London;{'lat': 51.1481, 'lon': -0.190277};GB;2.71
LFBD;LFML;MRS;Marseille Provence, Marseille;Provence;Marseille;{'lat': 43.43927, 'lon': 5.221424};FR;2.71
LFBD;LSGG;GVA;Geneva Cointrin, Geneva;Cointrin;Geneva;{'lat': 46.2381, 'lon': 6.10895};CH;2.14
LFBD;GMMX;RAK;Menara, Marrakech;Menara;Marrakech;{'lat': 31.6069, 'lon': -8.036299};MA;2.14
LFBD;LPPT;LIS;Lisbon Portela, Lisbon;Portela;Lisbon;{'lat': 38.7813, 'lon': -9.135919};PT;1.86
LFBD;LFMN;NCE;Nice-Côte d'Azur, Nice;Côte d'Azur;Nice;{'lat': 43.6584, 'lon': 7.215869};FR;1.86
LFBD;LFQQ;LIL;Lille-Lesquin, Lille/Lesquin;Lille-Lesquin;Lille/Lesquin;{'lat': 50.5619, 'lon': 3.08944};FR;1.43
LFBD;LPPR;OPO;Francisco de Sá Carneiro, Porto;Francisco de Sá Carneiro;Porto;{'lat': 41.2481, 'lon': -8.681389};PT;1.29
LFBD;LFSB;BSL;Euro Basel-Mulhouse-Freiburg, Bâle/Mulhouse;Euro Basel-Mulhouse-Freiburg;Bâle/Mulhouse;{'lat': 47.5896, 'lon': 7.52991};FR;0.86
LFBD;GCTS;TFS;Tenerife South, Tenerife Island;Tenerife South;Tenerife Island;{'lat': 28.0445, 'lon': -16.5725};ES;0.86
LFBD;GCRR;ACE;Lanzarote, Lanzarote Island;Lanzarote;Lanzarote Island;{'lat': 28.9455, 'lon': -13.605199};ES;0.43
LFBD;EGCC;MAN;Manchester, Manchester;Manchester;;{'lat': 53.3537, 'lon': -2.27495};GB;0.43
LFBD;EKCH;CPH;Copenhagen Kastrup, Copenhagen;Kastrup;Copenhagen;{'lat': 55.6179, 'lon': 12.656};DK;0.29
LFBD;LIMC;MXP;Malpensa, Milan;Malpensa;Milan;{'lat': 45.6306, 'lon': 8.72811};IT;0.29
LFBO;LFPO;ORY;Paris-Orly, Paris;Orly;Paris;{'lat': 48.7253, 'lon': 2.35944};FR;23.43
LFBO;LFLL;LYS;Lyon Saint-Exupéry, Lyon;Saint-Exupéry;Lyon;{'lat': 45.7264, 'lon': 5.090829};FR;4.71
LFBO;LPPT;LIS;Lisbon Portela, Lisbon;Portela;Lisbon;{'lat': 38.7813, 'lon': -9.135919};PT;3.14
LFBO;LFRS;NTE;Nantes Atlantique, Nantes;Atlantique;Nantes;{'lat': 47.1532, 'lon': -1.61073};FR;2.86
LFBO;LFQQ;LIL;Lille-Lesquin, Lille/Lesquin;Lille-Lesquin;Lille/Lesquin;{'lat': 50.5619, 'lon': 3.08944};FR;2.57
LFBO;LFMN;NCE;Nice-Côte d'Azur, Nice;Côte d'Azur;Nice;{'lat': 43.6584, 'lon': 7.215869};FR;1.86
LFBO;EGKK;LGW;London Gatwick, London;Gatwick;London;{'lat': 51.1481, 'lon': -0.190277};GB;1.57
LFBO;GMMX;RAK;Menara, Marrakech;Menara;Marrakech;{'lat': 31.6069, 'lon': -8.036299};MA;1.43
LFBO;LFRN;RNS;Rennes-Saint-Jacques, Rennes/Saint-Jacques;Rennes-Saint-Jacques;Rennes/Saint-Jacques;{'lat': 48.0695, 'lon': -1.734789};FR;1.43
LFBO;LPPR;OPO;Francisco de Sá Carneiro, Porto;Francisco de Sá Carneiro;Porto;{'lat': 41.2481, 'lon': -8.681389};PT;1.29
LFBO;LSGG;GVA;Geneva Cointrin, Geneva;Cointrin;Geneva;{'lat': 46.2381, 'lon': 6.10895};CH;1.0
LFBO;LFSB;BSL;Euro Basel-Mulhouse-Freiburg, Bâle/Mulhouse;Euro Basel-Mulhouse-Freiburg;Bâle/Mulhouse;{'lat': 47.5896, 'lon': 7.52991};FR;0.6
LFBO;EGGD;BRS;Bristol, Bristol;Bristol;;{'lat': 51.3827, 'lon': -2.719089};GB;0.57
LFBZ;LFPG;CDG;Charles de Gaulle, Paris;Charles de Gaulle;Paris;{'lat': 49.0128, 'lon': 2.549999};FR;2.86
LFLL;LFBD;BOD;Bordeaux-Mérignac, Bordeaux/Mérignac;Bordeaux-Mérignac;Bordeaux/Mérignac;{'lat': 44.8283, 'lon': -0.715556};FR;4.86
LFLL;LFRS;NTE;Nantes Atlantique, Nantes;Atlantique;Nantes;{'lat': 47.1532, 'lon': -1.61073};FR;4.71
LFLL;LFBO;TLS;Toulouse-Blagnac, Toulouse-Blagnac;Toulouse-Blagnac;;{'lat': 43.6291, 'lon': 1.363819};FR;4.67
LFLL;EGKK;LGW;London Gatwick, London;Gatwick;London;{'lat': 51.1481, 'lon': -0.190277};GB;4.14
LFLL;LPPT;LIS;Lisbon Portela, Lisbon;Portela;Lisbon;{'lat': 38.7813, 'lon': -9.135919};PT;3.0
LFLL;LFRB;BES;Brest Bretagne, Brest/Guipavas;Brest Bretagne;Brest/Guipavas;{'lat': 48.4479, 'lon': -4.41854};FR;2.71
LFLL;LPPR;OPO;Francisco de Sá Carneiro, Porto;Francisco de Sá Carneiro;Porto;{'lat': 41.2481, 'lon': -8.681389};PT;2.43
LFLL;LFRN;RNS;Rennes-Saint-Jacques, Rennes/Saint-Jacques;Rennes-Saint-Jacques;Rennes/Saint-Jacques;{'lat': 48.0695, 'lon': -1.734789};FR;2.43
LFLL;LIRF;FCO;Leonardo da Vinci–Fiumicino, Rome;Leonardo da Vinci–Fiumicino;Rome;{'lat': 41.8045, 'lon': 12.2508};IT;2.14
LFLL;GMMX;RAK;Menara, Marrakech;Menara;Marrakech;{'lat': 31.6069, 'lon': -8.036299};MA;1.71
LFLL;LEBL;BCN;Barcelona, Barcelona;Barcelona;;{'lat': 41.2971, 'lon': 2.078459};ES;1.57
LFLL;EGGW;LTN;London Luton, London;Luton;London;{'lat': 51.8747, 'lon': -0.368333};GB;1.43
LFLL;LIPZ;VCE;Venice Marco Polo, Venice;Marco Polo;Venice;{'lat': 45.5053, 'lon': 12.3519};IT;1.14
LFLL;GMAD;AGA;Al Massira, Agadir;Al Massira;Agadir;{'lat': 30.325, 'lon': -9.413069};MA;0.71
LFLL;LPFR;FAO;Faro, Faro;Faro;;{'lat': 37.0144, 'lon': -7.965909};PT;0.57
LFLL;GCFV;FUE;Fuerteventura, Fuerteventura Island;Fuerteventura;Fuerteventura Island;{'lat': 28.4527, 'lon': -13.8638};ES;0.57
LFLL;EGAA;BFS;Belfast, Belfast;Belfast;;{'lat': 54.6575, 'lon': -6.215829};GB;0.43
LFLL;EGGD;BRS;Bristol, Bristol;Bristol;;{'lat': 51.3827, 'lon': -2.719089};GB;0.43
LFLL;LPMA;FNC;Madeira, Funchal;Madeira;Funchal;{'lat': 32.6979, 'lon': -16.7745};PT;0.43
LFLL;GCRR;ACE;Lanzarote, Lanzarote Island;Lanzarote;Lanzarote Island;{'lat': 28.9455, 'lon': -13.605199};ES;0.43
LFLL;EKCH;CPH;Copenhagen Kastrup, Copenhagen;Kastrup;Copenhagen;{'lat': 55.6179, 'lon': 12.656};DK;0.29
LFLL;EGCC;MAN;Manchester, Manchester;Manchester;;{'lat': 53.3537, 'lon': -2.27495};GB;0.29
LFLL;LIRN;NAP;Naples, Nápoli;Naples;Nápoli;{'lat': 40.886, 'lon': 14.2908};IT;0.29
LFLL;EGPH;EDI;Edinburgh, Edinburgh;Edinburgh;;{'lat': 55.95, 'lon': -3.372499};GB;0.14
LFLS;EGKK;LGW;London Gatwick, London;Gatwick;London;{'lat': 51.1481, 'lon': -0.190277};GB;1.71
LFLS;EGGW;LTN;London Luton, London;Luton;London;{'lat': 51.8747, 'lon': -0.368333};GB;0.57
LFLS;EGGD;BRS;Bristol, Bristol;Bristol;;{'lat': 51.3827, 'lon': -2.719089};GB;0.43
LFLS;EGGP;LPL;Liverpool John Lennon, Liverpool;John Lennon;Liverpool;{'lat': 53.3336, 'lon': -2.84972};GB;0.14
LFML;LPPT;LIS;Lisbon Portela, Lisbon;Portela;Lisbon;{'lat': 38.7813, 'lon': -9.135919};PT;3.43
LFML;LFBD;BOD;Bordeaux-Mérignac, Bordeaux/Mérignac;Bordeaux-Mérignac;Bordeaux/Mérignac;{'lat': 44.8283, 'lon': -0.715556};FR;2.71
LFML;EGKK;LGW;London Gatwick, London;Gatwick;London;{'lat': 51.1481, 'lon': -0.190277};GB;1.0
LFML;LFSB;BSL;Euro Basel-Mulhouse-Freiburg, Bâle/Mulhouse;Euro Basel-Mulhouse-Freiburg;Bâle/Mulhouse;{'lat': 47.5896, 'lon': 7.52991};FR;0.29
LFMN;LFPO;ORY;Paris-Orly, Paris;Orly;Paris;{'lat': 48.7253, 'lon': 2.35944};FR;23.07
LFMN;LFPG;CDG;Charles de Gaulle, Paris;Charles de Gaulle;Paris;{'lat': 49.0128, 'lon': 2.549999};FR;8.29
LFMN;LSGG;GVA;Geneva Cointrin, Geneva;Cointrin;Geneva;{'lat': 46.2381, 'lon': 6.10895};CH;4.14
LFMN;EHAM;AMS;Amsterdam Schiphol, Amsterdam;Schiphol;Amsterdam;{'lat': 52.3086, 'lon': 4.763889};NL;3.3
LFMN;LIRF;FCO;Leonardo da Vinci–Fiumicino, Rome;Leonardo da Vinci–Fiumicino;Rome;{'lat': 41.8045, 'lon': 12.2508};IT;3.14
LFMN;EBBR;BRU;Brussels, Brussels;Brussels;;{'lat': 50.9014, 'lon': 4.484439};BE;2.86
LFMN;EGKK;LGW;London Gatwick, London;Gatwick;London;{'lat': 51.1481, 'lon': -0.190277};GB;2.57
LFMN;LPPT;LIS;Lisbon Portela, Lisbon;Portela;Lisbon;{'lat': 38.7813, 'lon': -9.135919};PT;2.43
LFMN;LEBL;BCN;Barcelona, Barcelona;Barcelona;;{'lat': 41.2971, 'lon': 2.078459};ES;2.29
LFMN;LFQQ;LIL;Lille-Lesquin, Lille/Lesquin;Lille-Lesquin;Lille/Lesquin;{'lat': 50.5619, 'lon': 3.08944};FR;2.29
LFMN;LFRS;NTE;Nantes Atlantique, Nantes;Atlantique;Nantes;{'lat': 47.1532, 'lon': -1.61073};FR;2.14
LFMN;LFBD;BOD;Bordeaux-Mérignac, Bordeaux/Mérignac;Bordeaux-Mérignac;Bordeaux/Mérignac;{'lat': 44.8283, 'lon': -0.715556};FR;1.86
LFMN;LFBO;TLS;Toulouse-Blagnac, Toulouse-Blagnac;Toulouse-Blagnac;;{'lat': 43.6291, 'lon': 1.363819};FR;1.86
LFMN;LFSB;BSL;Euro Basel-Mulhouse-Freiburg, Bâle/Mulhouse;Euro Basel-Mulhouse-Freiburg;Bâle/Mulhouse;{'lat': 47.5896, 'lon': 7.52991};FR;1.57
LFMN;LIRN;NAP;Naples, Nápoli;Naples;Nápoli;{'lat': 40.886, 'lon': 14.2908};IT;1.29
LFMN;GMMX;RAK;Menara, Marrakech;Menara;Marrakech;{'lat': 31.6069, 'lon': -8.036299};MA;1.14
LFMN;EGGW;LTN;London Luton, London;Luton;London;{'lat': 51.8747, 'lon': -0.368333};GB;1.07
LFMN;LPPR;OPO;Francisco de Sá Carneiro, Porto;Francisco de Sá Carneiro;Porto;{'lat': 41.2481, 'lon': -8.681389};PT;1.0
LFMN;LFRN;RNS;Rennes-Saint-Jacques, Rennes/Saint-Jacques;Rennes-Saint-Jacques;Rennes/Saint-Jacques;{'lat': 48.0695, 'lon': -1.734789};FR;0.86
LFMN;LIPZ;VCE;Venice Marco Polo, Venice;Marco Polo;Venice;{'lat': 45.5053, 'lon': 12.3519};IT;0.57
LFMN;EDDB;BER;Berlin Brandenburg, Berlin;Brandenburg;Berlin;{'lat': 52.35139, 'lon': 13.493889};DE;0.43
LFMN;EGGD;BRS;Bristol, Bristol;Bristol;;{'lat': 51.3827, 'lon': -2.719089};GB;0.29
LFMN;EGCC;MAN;Manchester, Manchester;Manchester;;{'lat': 53.3537, 'lon': -2.27495};GB;0.29
LFMN;LLBG;TLV;Ben Gurion, Tel Aviv Yafo;Ben Gurion;Tel Aviv Yafo;{'lat': 32.0114, 'lon': 34.8867};IL;0.29
LFMN;GCTS;TFS;Tenerife South, Tenerife Island;Tenerife South;Tenerife Island;{'lat': 28.0445, 'lon': -16.5725};ES;0.14
LFMT;EGKK;LGW;London Gatwick, London;Gatwick;London;{'lat': 51.1481, 'lon': -0.190277};GB;1.0
LFMT;LFSB;BSL;Euro Basel-Mulhouse-Freiburg, Bâle/Mulhouse;Euro Basel-Mulhouse-Freiburg;Bâle/Mulhouse;{'lat': 47.5896, 'lon': 7.52991};FR;0.29
LFOB;LPPT;LIS;Lisbon Portela, Lisbon;Portela;Lisbon;{'lat': 38.7813, 'lon': -9.135919};PT;1.86
LFPG;LFMN;NCE;Nice-Côte d'Azur, Nice;Côte d'Azur;Nice;{'lat': 43.6584, 'lon': 7.215869};FR;9.16
LFPG;LIML;LIN;Linate, Milan;Linate;Milan;{'lat': 45.4451, 'lon': 9.27674};IT;9.14
LFPG;LIMC;MXP;Malpensa, Milan;Malpensa;Milan;{'lat': 45.6306, 'lon': 8.72811};IT;9.05
LFPG;LEBL;BCN;Barcelona, Barcelona;Barcelona;;{'lat': 41.2971, 'lon': 2.078459};ES;9.0
LFPG;EKCH;CPH;Copenhagen Kastrup, Copenhagen;Kastrup;Copenhagen;{'lat': 55.6179, 'lon': 12.656};DK;8.43
LFPG;LEMD;MAD;Adolfo Suárez Madrid–Barajas, Madrid;Adolfo Suárez –Barajas;Madrid;{'lat': 40.4936, 'lon': -3.56676};ES;8.14
LFPG;LPPT;LIS;Lisbon Portela, Lisbon;Portela;Lisbon;{'lat': 38.7813, 'lon': -9.135919};PT;7.0
LFPG;EDDB;BER;Berlin Brandenburg, Berlin;Brandenburg;Berlin;{'lat': 52.35139, 'lon': 13.493889};DE;6.71
LFPG;EGCC;MAN;Manchester, Manchester;Manchester;;{'lat': 53.3537, 'lon': -2.27495};GB;6.43
LFPG;LIPZ;VCE;Venice Marco Polo, Venice;Marco Polo;Venice;{'lat': 45.5053, 'lon': 12.3519};IT;6.14
LFPG;LLBG;TLV;Ben Gurion, Tel Aviv Yafo;Ben Gurion;Tel Aviv Yafo;{'lat': 32.0114, 'lon': 34.8867};IL;4.6
LFPG;EGPH;EDI;Edinburgh, Edinburgh;Edinburgh;;{'lat': 55.95, 'lon': -3.372499};GB;4.29
LFPG;EGKK;LGW;London Gatwick, London;Gatwick;London;{'lat': 51.1481, 'lon': -0.190277};GB;3.43
LFPG;LFBZ;BIQ;Biarritz-Anglet-Bayonne, Biarritz/Anglet/Bayonne;Biarritz-Anglet-Bayonne;Biarritz/Anglet/Bayonne;{'lat': 43.4684, 'lon': -1.523319};FR;3.29
LFPG;GMMX;RAK;Menara, Marrakech;Menara;Marrakech;{'lat': 31.6069, 'lon': -8.036299};MA;3.25
LFPG;LIRN;NAP;Naples, Nápoli;Naples;Nápoli;{'lat': 40.886, 'lon': 14.2908};IT;2.86
LFPG;LPPR;OPO;Francisco de Sá Carneiro, Porto;Francisco de Sá Carneiro;Porto;{'lat': 41.2481, 'lon': -8.681389};PT;2.43
LFPG;EGGW;LTN;London Luton, London;Luton;London;{'lat': 51.8747, 'lon': -0.368333};GB;2.29
LFPG;EGGD;BRS;Bristol, Bristol;Bristol;;{'lat': 51.3827, 'lon': -2.719089};GB;1.86
LFPG;EPKK;KRK;John Paul II   Kraków-Balice, Kraków;John Paul II   -Balice;Kraków;{'lat': 50.0777, 'lon': 19.7848};PL;1.57
LFPG;EGPF;GLA;Glasgow, Glasgow;Glasgow;;{'lat': 55.8719, 'lon': -4.43306};GB;1.14
LFPG;EGAA;BFS;Belfast, Belfast;Belfast;;{'lat': 54.6575, 'lon': -6.215829};GB;0.86
LFPG;EGGP;LPL;Liverpool John Lennon, Liverpool;John Lennon;Liverpool;{'lat': 53.3336, 'lon': -2.84972};GB;0.86
LFPG;LIME;BGY;Orio al Serio, Bergamo;Orio al Serio;Bergamo;{'lat': 45.6739, 'lon': 9.70417};IT;0.71
LFPG;LPFR;FAO;Faro, Faro;Faro;;{'lat': 37.0144, 'lon': -7.965909};PT;0.71
LFPG;LCLK;LCA;Larnaca, Larnarca;Larnaca;Larnarca;{'lat': 34.8751, 'lon': 33.6249};CY;0.6
LFPG;LICC;CTA;Catania-Fontanarossa, Catania;Fontanarossa;Catania;{'lat': 37.4668, 'lon': 15.066399};IT;0.57
LFPG;GCRR;ACE;Lanzarote, Lanzarote Island;Lanzarote;Lanzarote Island;{'lat': 28.9455, 'lon': -13.605199};ES;0.43
LFPG;GCTS;TFS;Tenerife South, Tenerife Island;Tenerife South;Tenerife Island;{'lat': 28.0445, 'lon': -16.5725};ES;0.43
LFPG;GCFV;FUE;Fuerteventura, Fuerteventura Island;Fuerteventura;Fuerteventura Island;{'lat': 28.4527, 'lon': -13.8638};ES;0.29
LFPG;LICJ;PMO;Falcone–Borsellino, Palermo;Falcone–Borsellino;Palermo;{'lat': 38.176, 'lon': 13.090999};IT;0.29
LFPO;LFBO;TLS;Toulouse-Blagnac, Toulouse-Blagnac;;Toulouse-Blagnac;{'lat': 43.6291, 'lon': 1.363819};FR;23.57
LFPO;LPFR;FAO;Faro, Faro;;Faro;{'lat': 37.0144, 'lon': -7.965909};PT;2.0
LFPO;EGGD;BRS;Bristol, Bristol;;Bristol;{'lat': 51.3827, 'lon': -2.719089};GB;1.6
LFPO;LIRP;PSA;Pisa, Pisa;;Pisa;{'lat': 43.6839, 'lon': 10.3927};IT;0.71
LFQQ;LFBO;TLS;Toulouse-Blagnac, Toulouse-Blagnac;;Toulouse-Blagnac;{'lat': 43.6291, 'lon': 1.363819};FR;2.57
LFRB;LFLL;LYS;Lyon Saint-Exupéry, Lyon;Saint-Exupéry;Lyon;{'lat': 45.7264, 'lon': 5.090829};FR;2.71
LFRN;LFLL;LYS;Lyon Saint-Exupéry, Lyon;Saint-Exupéry;Lyon;{'lat': 45.7264, 'lon': 5.090829};FR;2.43
LFRN;LFBO;TLS;Toulouse-Blagnac, Toulouse-Blagnac;Toulouse-Blagnac;;{'lat': 43.6291, 'lon': 1.363819};FR;1.43
LFRN;LFMN;NCE;Nice-Côte d'Azur, Nice;Côte d'Azur;Nice;{'lat': 43.6584, 'lon': 7.215869};FR;0.86
LFRN;LSGG;GVA;Geneva Cointrin, Geneva;Cointrin;Geneva;{'lat': 46.2381, 'lon': 6.10895};CH;0.43
LFRN;LPPT;LIS;Lisbon Portela, Lisbon;Portela;Lisbon;{'lat': 38.7813, 'lon': -9.135919};PT;0.43
LFRN;LPPR;OPO;Francisco de Sá Carneiro, Porto;Francisco de Sá Carneiro;Porto;{'lat': 41.2481, 'lon': -8.681389};PT;0.43
LFRN;EGKK;LGW;London Gatwick, London;Gatwick;London;{'lat': 51.1481, 'lon': -0.190277};GB;0.29
LFRS;LFLL;LYS;Lyon Saint-Exupéry, Lyon;Saint-Exupéry;Lyon;{'lat': 45.7264, 'lon': 5.090829};FR;4.86
LFRS;LFBO;TLS;Toulouse-Blagnac, Toulouse-Blagnac;Toulouse-Blagnac;;{'lat': 43.6291, 'lon': 1.363819};FR;2.71
LFRS;GMMX;RAK;Menara, Marrakech;Menara;Marrakech;{'lat': 31.6069, 'lon': -8.036299};MA;2.0
LFRS;LFMN;NCE;Nice-Côte d'Azur, Nice;Côte d'Azur;Nice;{'lat': 43.6584, 'lon': 7.215869};FR;1.86
LFRS;LPPR;OPO;Francisco de Sá Carneiro, Porto;Francisco de Sá Carneiro;Porto;{'lat': 41.2481, 'lon': -8.681389};PT;1.3
LFRS;LSGG;GVA;Geneva Cointrin, Geneva;Cointrin;Geneva;{'lat': 46.2381, 'lon': 6.10895};CH;1.29
LFRS;LPPT;LIS;Lisbon Portela, Lisbon;Portela;Lisbon;{'lat': 38.7813, 'lon': -9.135919};PT;1.29
LFRS;LIRF;FCO;Leonardo da Vinci–Fiumicino, Rome;Leonardo da Vinci–Fiumicino;Rome;{'lat': 41.8045, 'lon': 12.2508};IT;1.0
LFRS;EGKK;LGW;London Gatwick, London;Gatwick;London;{'lat': 51.1481, 'lon': -0.190277};GB;0.86
LFRS;GCTS;TFS;Tenerife South, Tenerife Island;Tenerife South;Tenerife Island;{'lat': 28.0445, 'lon': -16.5725};ES;0.86
LFRS;LIMC;MXP;Malpensa, Milan;Malpensa;Milan;{'lat': 45.6306, 'lon': 8.72811};IT;0.43
LFRS;LPFR;FAO;Faro, Faro;Faro;;{'lat': 37.0144, 'lon': -7.965909};PT;0.36
LFRS;LFSB;BSL;Euro Basel-Mulhouse-Freiburg, Bâle/Mulhouse;Euro Basel-Mulhouse-Freiburg;Bâle/Mulhouse;{'lat': 47.5896, 'lon': 7.52991};FR;0.14
LFSB;EHAM;AMS;Amsterdam Schiphol, Amsterdam;Schiphol;Amsterdam;{'lat': 52.3086, 'lon': 4.763889};NL;3.86
LFSB;BKPR;PRN;Priština, Prishtina;Priština;Prishtina;{'lat': 42.5728, 'lon': 21.0358};KS;3.43
LFSB;LEBL;BCN;Barcelona, Barcelona;Barcelona;;{'lat': 41.2971, 'lon': 2.078459};ES;2.29
LFSB;EGKK;LGW;London Gatwick, London;Gatwick;London;{'lat': 51.1481, 'lon': -0.190277};GB;2.14
LFSB;LPPR;OPO;Francisco de Sá Carneiro, Porto;Francisco de Sá Carneiro;Porto;{'lat': 41.2481, 'lon': -8.681389};PT;2.0
LFSB;LFMN;NCE;Nice-Côte d'Azur, Nice;Côte d'Azur;Nice;{'lat': 43.6584, 'lon': 7.215869};FR;1.59
LFSB;EDDB;BER;Berlin Brandenburg, Berlin;Brandenburg;Berlin;{'lat': 52.35139, 'lon': 13.493889};DE;1.57
LFSB;LIRF;FCO;Leonardo da Vinci–Fiumicino, Rome;Leonardo da Vinci–Fiumicino;Rome;{'lat': 41.8045, 'lon': 12.2508};IT;1.43
LFSB;EDDH;HAM;Hamburg, Hamburg;Hamburg;;{'lat': 53.6304, 'lon': 9.988229};DE;1.29
LFSB;LEPA;PMI;Palma De Mallorca, Palma De Mallorca;Palma De Mallorca;;{'lat': 39.5517, 'lon': 2.73881};ES;1.29
LFSB;LHBP;BUD;Budapest Ferenc Liszt, Budapest;Ferenc Liszt;Budapest;{'lat': 47.4369, 'lon': 19.255598};HU;1.14
LFSB;LEAL;ALC;Alicante, Alicante;Alicante;;{'lat': 38.2822, 'lon': -0.558156};ES;1.0
LFSB;LPPT;LIS;Lisbon Portela, Lisbon;Portela;Lisbon;{'lat': 38.7813, 'lon': -9.135919};PT;1.0
LFSB;LEMG;AGP;Málaga, Málaga;Málaga;;{'lat': 36.6749, 'lon': -4.49911};ES;1.0
LFSB;GMMX;RAK;Menara, Marrakech;Menara;Marrakech;{'lat': 31.6069, 'lon': -8.036299};MA;1.0
LFSB;LFBD;BOD;Bordeaux-Mérignac, Bordeaux/Mérignac;Bordeaux-Mérignac;Bordeaux/Mérignac;{'lat': 44.8283, 'lon': -0.715556};FR;0.86
LFSB;EKCH;CPH;Copenhagen Kastrup, Copenhagen;Kastrup;Copenhagen;{'lat': 55.6179, 'lon': 12.656};DK;0.71
LFSB;LEMD;MAD;Adolfo Suárez Madrid–Barajas, Madrid;Adolfo Suárez –Barajas;Madrid;{'lat': 40.4936, 'lon': -3.56676};ES;0.71
LFSB;EGGD;BRS;Bristol, Bristol;Bristol;;{'lat': 51.3827, 'lon': -2.719089};GB;0.57
LFSB;EGPH;EDI;Edinburgh, Edinburgh;Edinburgh;;{'lat': 55.95, 'lon': -3.372499};GB;0.57
LFSB;LPFR;FAO;Faro, Faro;Faro;;{'lat': 37.0144, 'lon': -7.965909};PT;0.57
LFSB;HEGN;HRG;Hurghada, Hurghada;Hurghada;;{'lat': 27.1783, 'lon': 33.7994};EG;0.57
LFSB;EGCC;MAN;Manchester, Manchester;Manchester;;{'lat': 53.3537, 'lon': -2.27495};GB;0.57
LFSB;LFBO;TLS;Toulouse-Blagnac, Toulouse-Blagnac;Toulouse-Blagnac;;{'lat': 43.6291, 'lon': 1.363819};FR;0.57
LFSB;LIPZ;VCE;Venice Marco Polo, Venice;Marco Polo;Venice;{'lat': 45.5053, 'lon': 12.3519};IT;0.57
LFSB;LIBR;BDS;Brindisi – Salento, Brindisi;– Salento;Brindisi;{'lat': 40.6576, 'lon': 17.947};IT;0.43
LFSB;GCLP;LPA;Gran Canaria, Gran Canaria Island;Gran Canaria;Gran Canaria Island;{'lat': 27.9319, 'lon': -15.386599};ES;0.43
LFSB;GCRR;ACE;Lanzarote, Lanzarote Island;Lanzarote;Lanzarote Island;{'lat': 28.9455, 'lon': -13.605199};ES;0.43
LFSB;LFRS;NTE;Nantes Atlantique, Nantes;Atlantique;Nantes;{'lat': 47.1532, 'lon': -1.61073};FR;0.43
LFSB;LIRN;NAP;Naples, Nápoli;Naples;Nápoli;{'lat': 40.886, 'lon': 14.2908};IT;0.43
LFSB;LKPR;PRG;Ruzyn, Prague;Ruzyn;Prague;{'lat': 50.1008, 'lon': 14.26};CZ;0.43
LFSB;LEST;SCQ;Santiago de Compostela, Santiago de Compostela;Santiago de Compostela;;{'lat': 42.8963, 'lon': -8.41514};ES;0.43
LFSB;LLBG;TLV;Ben Gurion, Tel Aviv Yafo;Ben Gurion;Tel Aviv Yafo;{'lat': 32.0114, 'lon': 34.8867};IL;0.43
LFSB;GCTS;TFS;Tenerife South, Tenerife Island;Tenerife South;Tenerife Island;{'lat': 28.0445, 'lon': -16.5725};ES;0.43
LFSB;GMAD;AGA;Al Massira, Agadir;Al Massira;Agadir;{'lat': 30.325, 'lon': -9.413069};MA;0.29
LFSB;LGAV;ATH;Eleftherios Venizelos, Athens;Eleftherios Venizelos;Athens;{'lat': 37.9364, 'lon': 23.944498};GR;0.29
LFSB;LIBD;BRI;Bari Karol Wojtya, Bari;Karol Wojtya;Bari;{'lat': 41.1389, 'lon': 16.7606};IT;0.29
LFSB;LICC;CTA;Catania-Fontanarossa, Catania;Fontanarossa;Catania;{'lat': 37.4668, 'lon': 15.066399};IT;0.29
LFSB;GCFV;FUE;Fuerteventura, Fuerteventura Island;Fuerteventura;Fuerteventura Island;{'lat': 28.4527, 'lon': -13.8638};ES;0.29
LFSB;LFML;MRS;Marseille Provence, Marseille;Provence;Marseille;{'lat': 43.43927, 'lon': 5.221424};FR;0.29
LFSB;LFMT;MPL;Montpellier-Méditerranée, Montpellier/Méditerranée;Montpellier-Méditerranée;Montpellier/Méditerranée;{'lat': 43.5762, 'lon': 3.96301};FR;0.29
LFSB;LICJ;PMO;Falcone–Borsellino, Palermo;Falcone–Borsellino;Palermo;{'lat': 38.176, 'lon': 13.090999};IT;0.29
LFTH;LFPO;ORY;Paris-Orly, Paris;Orly;Paris;{'lat': 48.7253, 'lon': 2.35944};FR;2.57
LGAV;LIMC;MXP;Malpensa, Milan;Malpensa;Milan;{'lat': 45.6306, 'lon': 8.72811};IT;3.86
LGAV;EGKK;LGW;London Gatwick, London;Gatwick;London;{'lat': 51.1481, 'lon': -0.190277};GB;2.57
LGAV;EGCC;MAN;Manchester, Manchester;Manchester;;{'lat': 53.3537, 'lon': -2.27495};GB;1.14
LGAV;LFSB;BSL;Euro Basel-Mulhouse-Freiburg, Bâle/Mulhouse;Euro Basel-Mulhouse-Freiburg;Bâle/Mulhouse;{'lat': 47.5896, 'lon': 7.52991};FR;0.29
LGAV;EGGD;BRS;Bristol, Bristol;Bristol;;{'lat': 51.3827, 'lon': -2.719089};GB;0.29
LGTS;EGKK;LGW;London Gatwick, London;Gatwick;London;{'lat': 51.1481, 'lon': -0.190277};GB;0.86
LIBD;LIMC;MXP;Malpensa, Milan;Malpensa;Milan;{'lat': 45.6306, 'lon': 8.72811};IT;3.29
LIBD;LFSB;BSL;Euro Basel-Mulhouse-Freiburg, Bâle/Mulhouse;Euro Basel-Mulhouse-Freiburg;Bâle/Mulhouse;{'lat': 47.5896, 'lon': 7.52991};FR;0.29
LIBR;LIMC;MXP;Malpensa, Milan;Malpensa;Milan;{'lat': 45.6306, 'lon': 8.72811};IT;2.86
LIBR;LFSB;BSL;Euro Basel-Mulhouse-Freiburg, Bâle/Mulhouse;Euro Basel-Mulhouse-Freiburg;Bâle/Mulhouse;{'lat': 47.5896, 'lon': 7.52991};FR;0.43
LIBR;LSGG;GVA;Geneva Cointrin, Geneva;Cointrin;Geneva;{'lat': 46.2381, 'lon': 6.10895};CH;0.43
LICA;LIMC;MXP;Malpensa, Milan;Malpensa;Milan;{'lat': 45.6306, 'lon': 8.72811};IT;5.29
LICC;LIMC;MXP;Malpensa, Milan;Malpensa;Milan;{'lat': 45.6306, 'lon': 8.72811};IT;8.93
LICC;LIRN;NAP;Naples, Nápoli;Naples;Nápoli;{'lat': 40.886, 'lon': 14.2908};IT;2.3
LICC;EGKK;LGW;London Gatwick, London;Gatwick;London;{'lat': 51.1481, 'lon': -0.190277};GB;0.86
LICC;EDDB;BER;Berlin Brandenburg, Berlin;Brandenburg;Berlin;{'lat': 52.35139, 'lon': 13.493889};DE;0.57
LICC;LFPG;CDG;Charles de Gaulle, Paris;Charles de Gaulle;Paris;{'lat': 49.0128, 'lon': 2.549999};FR;0.57
LICC;LFSB;BSL;Euro Basel-Mulhouse-Freiburg, Bâle/Mulhouse;Euro Basel-Mulhouse-Freiburg;Bâle/Mulhouse;{'lat': 47.5896, 'lon': 7.52991};FR;0.29
LICC;LSGG;GVA;Geneva Cointrin, Geneva;Cointrin;Geneva;{'lat': 46.2381, 'lon': 6.10895};CH;0.29
LICC;EGGW;LTN;London Luton, London;Luton;London;{'lat': 51.8747, 'lon': -0.368333};GB;0.29
LICJ;LIMC;MXP;Malpensa, Milan;Malpensa;Milan;{'lat': 45.6306, 'lon': 8.72811};IT;6.14
LICJ;LIRN;NAP;Naples, Nápoli;Naples;Nápoli;{'lat': 40.886, 'lon': 14.2908};IT;2.29
LICJ;LFSB;BSL;Euro Basel-Mulhouse-Freiburg, Bâle/Mulhouse;Euro Basel-Mulhouse-Freiburg;Bâle/Mulhouse;{'lat': 47.5896, 'lon': 7.52991};FR;0.29
LICJ;EGGW;LTN;London Luton, London;Luton;London;{'lat': 51.8747, 'lon': -0.368333};GB;0.29
LICJ;LFPG;CDG;Charles de Gaulle, Paris;Charles de Gaulle;Paris;{'lat': 49.0128, 'lon': 2.549999};FR;0.29
LIMC;LICC;CTA;Catania-Fontanarossa, Catania;Fontanarossa;Catania;{'lat': 37.4668, 'lon': 15.066399};IT;9.29
LIMC;LFPG;CDG;Charles de Gaulle, Paris;Charles de Gaulle;Paris;{'lat': 49.0128, 'lon': 2.549999};FR;8.57
LIMC;LEBL;BCN;Barcelona, Barcelona;Barcelona;;{'lat': 41.2971, 'lon': 2.078459};ES;8.29
LIMC;LIRN;NAP;Naples, Nápoli;Naples;Nápoli;{'lat': 40.886, 'lon': 14.2908};IT;6.86
LIMC;LPPT;LIS;Lisbon Portela, Lisbon;Portela;Lisbon;{'lat': 38.7813, 'lon': -9.135919};PT;6.57
LIMC;EGKK;LGW;London Gatwick, London;Gatwick;London;{'lat': 51.1481, 'lon': -0.190277};GB;6.0
LIMC;LICJ;PMO;Falcone–Borsellino, Palermo;Falcone–Borsellino;Palermo;{'lat': 38.176, 'lon': 13.090999};IT;5.86
LIMC;LICA;SUF;Lamezia Terme, Lamezia Terme;Lamezia Terme;;{'lat': 38.9054, 'lon': 16.2423};IT;5.14
LIMC;LGAV;ATH;Eleftherios Venizelos, Athens;Eleftherios Venizelos;Athens;{'lat': 37.9364, 'lon': 23.944498};GR;4.43
LIMC;EHAM;AMS;Amsterdam Schiphol, Amsterdam;Schiphol;Amsterdam;{'lat': 52.3086, 'lon': 4.763889};NL;4.0
LIMC;LLBG;TLV;Ben Gurion, Tel Aviv Yafo;Ben Gurion;Tel Aviv Yafo;{'lat': 32.0114, 'lon': 34.8867};IL;3.72
LIMC;EKCH;CPH;Copenhagen Kastrup, Copenhagen;Kastrup;Copenhagen;{'lat': 55.6179, 'lon': 12.656};DK;3.71
LIMC;LIBD;BRI;Bari Karol Wojtya, Bari;Karol Wojtya;Bari;{'lat': 41.1389, 'lon': 16.7606};IT;3.43
LIMC;ELLX;LUX;Luxembourg-Findel, Luxembourg;Findel;Luxembourg;{'lat': 49.6266, 'lon': 6.21152};LU;3.14
LIMC;EGSS;STN;London Stansted, London;Stansted;London;{'lat': 51.885, 'lon': 0.234999};GB;2.88
LIMC;LIBR;BDS;Brindisi – Salento, Brindisi;– Salento;Brindisi;{'lat': 40.6576, 'lon': 17.947};IT;2.57
LIMC;EGCC;MAN;Manchester, Manchester;Manchester;;{'lat': 53.3537, 'lon': -2.27495};GB;2.43
LIMC;LKPR;PRG;Ruzyn, Prague;Ruzyn;Prague;{'lat': 50.1008, 'lon': 14.26};CZ;2.43
LIMC;LPPR;OPO;Francisco de Sá Carneiro, Porto;Francisco de Sá Carneiro;Porto;{'lat': 41.2481, 'lon': -8.681389};PT;2.14
LIMC;LFPO;ORY;Paris-Orly, Paris;Orly;Paris;{'lat': 48.7253, 'lon': 2.35944};FR;1.94
LIMC;HESH;SSH;Sharm el Sheikh, Sharm el Sheikh;Sharm el Sheikh;;{'lat': 27.9773, 'lon': 34.395};EG;1.86
LIMC;GMMX;RAK;Menara, Marrakech;Menara;Marrakech;{'lat': 31.6069, 'lon': -8.036299};MA;1.71
LIMC;LIEE;CAG;Cagliari Elmas, Cagliari;Elmas;Cagliari;{'lat': 39.2515, 'lon': 9.05428};IT;1.57
LIMC;GCTS;TFS;Tenerife South, Tenerife Island;Tenerife South;Tenerife Island;{'lat': 28.0445, 'lon': -16.5725};ES;1.44
LIMC;EGGW;LTN;London Luton, London;Luton;London;{'lat': 51.8747, 'lon': -0.368333};GB;1.43
LIMC;HEMA;RMF;Marsa Alam, Marsa Alam;Marsa Alam;;{'lat': 25.5571, 'lon': 34.5837};EG;1.29
LIMC;LEMG;AGP;Málaga, Málaga;Málaga;;{'lat': 36.6749, 'lon': -4.49911};ES;1.14
LIMC;BIKF;KEF;Keflavik, Reykjavik;Keflavik;Reykjavik;{'lat': 63.985, 'lon': -22.6056};IS;0.86
LIMC;EGPH;EDI;Edinburgh, Edinburgh;Edinburgh;;{'lat': 55.95, 'lon': -3.372499};GB;0.71
LIMC;LIEO;OLB;Olbia Costa Smeralda, Olbia;Costa Smeralda;Olbia;{'lat': 40.8987, 'lon': 9.517629};IT;0.71
LIMC;HEGN;HRG;Hurghada, Hurghada;Hurghada;;{'lat': 27.1783, 'lon': 33.7994};EG;0.57
LIMC;LFRS;NTE;Nantes Atlantique, Nantes;Atlantique;Nantes;{'lat': 47.1532, 'lon': -1.61073};FR;0.43
LIMC;LIEA;AHO;Alghero-Fertilia, Alghero;Fertilia;Alghero;{'lat': 40.6321, 'lon': 8.290769};IT;0.29
LIMC;LFBD;BOD;Bordeaux-Mérignac, Bordeaux/Mérignac;Bordeaux-Mérignac;Bordeaux/Mérignac;{'lat': 44.8283, 'lon': -0.715556};FR;0.29
LIMC;GCFV;FUE;Fuerteventura, Fuerteventura Island;Fuerteventura;Fuerteventura Island;{'lat': 28.4527, 'lon': -13.8638};ES;0.29
LIMC;LPMA;FNC;Madeira, Funchal;Madeira;Funchal;{'lat': 32.6979, 'lon': -16.7745};PT;0.29
LIMC;GCRR;ACE;Lanzarote, Lanzarote Island;Lanzarote;Lanzarote Island;{'lat': 28.9455, 'lon': -13.605199};ES;0.29
LIME;LPPT;LIS;Lisbon Portela, Lisbon;Portela;Lisbon;{'lat': 38.7813, 'lon': -9.135919};PT;2.86
LIME;EGKK;LGW;London Gatwick, London;Gatwick;London;{'lat': 51.1481, 'lon': -0.190277};GB;0.71
LIME;LFPG;CDG;Charles de Gaulle, Paris;Charles de Gaulle;Paris;{'lat': 49.0128, 'lon': 2.549999};FR;0.71
LIME;EHAM;AMS;Amsterdam Schiphol, Amsterdam;Schiphol;Amsterdam;{'lat': 52.3086, 'lon': 4.763889};NL;0.43
LIMF;EGKK;LGW;London Gatwick, London;Gatwick;London;{'lat': 51.1481, 'lon': -0.190277};GB;4.14
LIMF;EGCC;MAN;Manchester, Manchester;Manchester;;{'lat': 53.3537, 'lon': -2.27495};GB;0.43
LIMF;EGGD;BRS;Bristol, Bristol;Bristol;;{'lat': 51.3827, 'lon': -2.719089};GB;0.29
LIMF;EGGW;LTN;London Luton, London;Luton;London;{'lat': 51.8747, 'lon': -0.368333};GB;0.29
LIML;LFPG;CDG;Charles de Gaulle, Paris;Charles de Gaulle;Paris;{'lat': 49.0128, 'lon': 2.549999};FR;9.71
LIML;EHAM;AMS;Amsterdam Schiphol, Amsterdam;Schiphol;Amsterdam;{'lat': 52.3086, 'lon': 4.763889};NL;6.71
LIML;LFPO;ORY;Paris-Orly, Paris;Orly;Paris;{'lat': 48.7253, 'lon': 2.35944};FR;6.15
LIML;EDDB;BER;Berlin Brandenburg, Berlin;Brandenburg;Berlin;{'lat': 52.35139, 'lon': 13.493889};DE;2.86
LIML;EGKK;LGW;London Gatwick, London;Gatwick;London;{'lat': 51.1481, 'lon': -0.190277};GB;1.0
LIPE;EGKK;LGW;London Gatwick, London;Gatwick;London;{'lat': 51.1481, 'lon': -0.190277};GB;0.14
LIPX;EGKK;LGW;London Gatwick, London;Gatwick;London;{'lat': 51.1481, 'lon': -0.190277};GB;2.0
LIPZ;LFPG;CDG;Charles de Gaulle, Paris;Charles de Gaulle;Paris;{'lat': 49.0128, 'lon': 2.549999};FR;5.86
LIPZ;EHAM;AMS;Amsterdam Schiphol, Amsterdam;Schiphol;Amsterdam;{'lat': 52.3086, 'lon': 4.763889};NL;4.14
LIPZ;LFPO;ORY;Paris-Orly, Paris;Orly;Paris;{'lat': 48.7253, 'lon': 2.35944};FR;3.0
LIPZ;EGKK;LGW;London Gatwick, London;Gatwick;London;{'lat': 51.1481, 'lon': -0.190277};GB;2.86
LIPZ;LFLL;LYS;Lyon Saint-Exupéry, Lyon;Saint-Exupéry;Lyon;{'lat': 45.7264, 'lon': 5.090829};FR;1.14
LIPZ;EGCC;MAN;Manchester, Manchester;Manchester;;{'lat': 53.3537, 'lon': -2.27495};GB;0.86
LIPZ;EDDB;BER;Berlin Brandenburg, Berlin;Brandenburg;Berlin;{'lat': 52.35139, 'lon': 13.493889};DE;0.71
LIPZ;LFSB;BSL;Euro Basel-Mulhouse-Freiburg, Bâle/Mulhouse;Euro Basel-Mulhouse-Freiburg;Bâle/Mulhouse;{'lat': 47.5896, 'lon': 7.52991};FR;0.57
LIPZ;LFMN;NCE;Nice-Côte d'Azur, Nice;Côte d'Azur;Nice;{'lat': 43.6584, 'lon': 7.215869};FR;0.57
LIPZ;EGGD;BRS;Bristol, Bristol;Bristol;;{'lat': 51.3827, 'lon': -2.719089};GB;0.29
LIPZ;LSGG;GVA;Geneva Cointrin, Geneva;Cointrin;Geneva;{'lat': 46.2381, 'lon': 6.10895};CH;0.29
LIRF;EHAM;AMS;Amsterdam Schiphol, Amsterdam;Schiphol;Amsterdam;{'lat': 52.3086, 'lon': 4.763889};NL;8.86
LIRF;LFPO;ORY;Paris-Orly, Paris;Orly;Paris;{'lat': 48.7253, 'lon': 2.35944};FR;8.43
LIRF;EGKK;LGW;London Gatwick, London;Gatwick;London;{'lat': 51.1481, 'lon': -0.190277};GB;5.86
LIRF;LFMN;NCE;Nice-Côte d'Azur, Nice;Côte d'Azur;Nice;{'lat': 43.6584, 'lon': 7.215869};FR;3.57
LIRF;LSGG;GVA;Geneva Cointrin, Geneva;Cointrin;Geneva;{'lat': 46.2381, 'lon': 6.10895};CH;3.43
LIRF;LFLL;LYS;Lyon Saint-Exupéry, Lyon;Saint-Exupéry;Lyon;{'lat': 45.7264, 'lon': 5.090829};FR;2.14
LIRF;EDDB;BER;Berlin Brandenburg, Berlin;Brandenburg;Berlin;{'lat': 52.35139, 'lon': 13.493889};DE;1.86
LIRF;LFSB;BSL;Euro Basel-Mulhouse-Freiburg, Bâle/Mulhouse;Euro Basel-Mulhouse-Freiburg;Bâle/Mulhouse;{'lat': 47.5896, 'lon': 7.52991};FR;1.43
LIRF;LFRS;NTE;Nantes Atlantique, Nantes;Atlantique;Nantes;{'lat': 47.1532, 'lon': -1.61073};FR;1.14
LIRF;EGGD;BRS;Bristol, Bristol;Bristol;;{'lat': 51.3827, 'lon': -2.719089};GB;0.86
LIRN;LIMC;MXP;Malpensa, Milan;Malpensa;Milan;{'lat': 45.6306, 'lon': 8.72811};IT;6.12
LIRN;LFPO;ORY;Paris-Orly, Paris;Orly;Paris;{'lat': 48.7253, 'lon': 2.35944};FR;3.14
LIRN;LFPG;CDG;Charles de Gaulle, Paris;Charles de Gaulle;Paris;{'lat': 49.0128, 'lon': 2.549999};FR;3.0
LIRN;LEBL;BCN;Barcelona, Barcelona;Barcelona;;{'lat': 41.2971, 'lon': 2.078459};ES;2.43
LIRN;LICC;CTA;Catania-Fontanarossa, Catania;Fontanarossa;Catania;{'lat': 37.4668, 'lon': 15.066399};IT;2.43
LIRN;LICJ;PMO;Falcone–Borsellino, Palermo;Falcone–Borsellino;Palermo;{'lat': 38.176, 'lon': 13.090999};IT;2.29
LIRN;EGKK;LGW;London Gatwick, London;Gatwick;London;{'lat': 51.1481, 'lon': -0.190277};GB;2.14
LIRN;EHAM;AMS;Amsterdam Schiphol, Amsterdam;Schiphol;Amsterdam;{'lat': 52.3086, 'lon': 4.763889};NL;2.0
LIRN;LSGG;GVA;Geneva Cointrin, Geneva;Cointrin;Geneva;{'lat': 46.2381, 'lon': 6.10895};CH;1.29
LIRN;LFMN;NCE;Nice-Côte d'Azur, Nice;Côte d'Azur;Nice;{'lat': 43.6584, 'lon': 7.215869};FR;1.29
LIRN;HESH;SSH;Sharm el Sheikh, Sharm el Sheikh;Sharm el Sheikh;;{'lat': 27.9773, 'lon': 34.395};EG;1.29
LIRN;EDDB;BER;Berlin Brandenburg, Berlin;Brandenburg;Berlin;{'lat': 52.35139, 'lon': 13.493889};DE;0.86
LIRN;EGGW;LTN;London Luton, London;Luton;London;{'lat': 51.8747, 'lon': -0.368333};GB;0.71
LIRN;LFSB;BSL;Euro Basel-Mulhouse-Freiburg, Bâle/Mulhouse;Euro Basel-Mulhouse-Freiburg;Bâle/Mulhouse;{'lat': 47.5896, 'lon': 7.52991};FR;0.43
LIRN;EGPH;EDI;Edinburgh, Edinburgh;Edinburgh;;{'lat': 55.95, 'lon': -3.372499};GB;0.29
LIRN;LFLL;LYS;Lyon Saint-Exupéry, Lyon;Saint-Exupéry;Lyon;{'lat': 45.7264, 'lon': 5.090829};FR;0.29
LIRP;EGKK;LGW;London Gatwick, London;Gatwick;London;{'lat': 51.1481, 'lon': -0.190277};GB;1.29
LIRP;LFPO;ORY;Paris-Orly, Paris;Orly;Paris;{'lat': 48.7253, 'lon': 2.35944};FR;0.71
LIRP;EGCC;MAN;Manchester, Manchester;Manchester;;{'lat': 53.3537, 'lon': -2.27495};GB;0.57
LIRP;EGGD;BRS;Bristol, Bristol;Bristol;;{'lat': 51.3827, 'lon': -2.719089};GB;0.29
LKPR;EHAM;AMS;Amsterdam Schiphol, Amsterdam;Schiphol;Amsterdam;{'lat': 52.3086, 'lon': 4.763889};NL;4.57
LKPR;LIMC;MXP;Malpensa, Milan;Malpensa;Milan;{'lat': 45.6306, 'lon': 8.72811};IT;2.57
LKPR;EGCC;MAN;Manchester, Manchester;Manchester;;{'lat': 53.3537, 'lon': -2.27495};GB;2.14
LKPR;EGKK;LGW;London Gatwick, London;Gatwick;London;{'lat': 51.1481, 'lon': -0.190277};GB;1.14
LKPR;EGGD;BRS;Bristol, Bristol;Bristol;;{'lat': 51.3827, 'lon': -2.719089};GB;0.57
LKPR;LSGG;GVA;Geneva Cointrin, Geneva;Cointrin;Geneva;{'lat': 46.2381, 'lon': 6.10895};CH;0.57
LKPR;LFSB;BSL;Euro Basel-Mulhouse-Freiburg, Bâle/Mulhouse;Euro Basel-Mulhouse-Freiburg;Bâle/Mulhouse;{'lat': 47.5896, 'lon': 7.52991};FR;0.43
LKPR;LPPR;OPO;Francisco de Sá Carneiro, Porto;Francisco de Sá Carneiro;Porto;{'lat': 41.2481, 'lon': -8.681389};PT;0.29
LLBG;LFPG;CDG;Charles de Gaulle, Paris;Charles de Gaulle;Paris;{'lat': 49.0128, 'lon': 2.549999};FR;4.86
LLBG;EHAM;AMS;Amsterdam Schiphol, Amsterdam;Schiphol;Amsterdam;{'lat': 52.3086, 'lon': 4.763889};NL;4.29
LLBG;LIMC;MXP;Malpensa, Milan;Malpensa;Milan;{'lat': 45.6306, 'lon': 8.72811};IT;3.71
LLBG;EGGW;LTN;London Luton, London;Luton;London;{'lat': 51.8747, 'lon': -0.368333};GB;3.17
LLBG;EDDB;BER;Berlin Brandenburg, Berlin;Brandenburg;Berlin;{'lat': 52.35139, 'lon': 13.493889};DE;2.72
LLBG;LSGG;GVA;Geneva Cointrin, Geneva;Cointrin;Geneva;{'lat': 46.2381, 'lon': 6.10895};CH;1.14
LLBG;EGKK;LGW;London Gatwick, London;Gatwick;London;{'lat': 51.1481, 'lon': -0.190277};GB;0.86
LLBG;LFSB;BSL;Euro Basel-Mulhouse-Freiburg, Bâle/Mulhouse;Euro Basel-Mulhouse-Freiburg;Bâle/Mulhouse;{'lat': 47.5896, 'lon': 7.52991};FR;0.43
LLBG;EGCC;MAN;Manchester, Manchester;Manchester;;{'lat': 53.3537, 'lon': -2.27495};GB;0.43
LLBG;LFMN;NCE;Nice-Côte d'Azur, Nice;Côte d'Azur;Nice;{'lat': 43.6584, 'lon': 7.215869};FR;0.29
LMML;EGKK;LGW;London Gatwick, London;Gatwick;London;{'lat': 51.1481, 'lon': -0.190277};GB;3.0
LMML;EGCC;MAN;Manchester, Manchester;Manchester;;{'lat': 53.3537, 'lon': -2.27495};GB;1.0
LPFR;EGKK;LGW;London Gatwick, London;Gatwick;London;{'lat': 51.1481, 'lon': -0.190277};GB;4.86
LPFR;LPPT;LIS;Lisbon Portela, Lisbon;Portela;Lisbon;{'lat': 38.7813, 'lon': -9.135919};PT;3.43
LPFR;EGCC;MAN;Manchester, Manchester;Manchester;;{'lat': 53.3537, 'lon': -2.27495};GB;1.86
LPFR;EHAM;AMS;Amsterdam Schiphol, Amsterdam;Schiphol;Amsterdam;{'lat': 52.3086, 'lon': 4.763889};NL;1.71
LPFR;EGGD;BRS;Bristol, Bristol;Bristol;;{'lat': 51.3827, 'lon': -2.719089};GB;1.71
LPFR;EGGW;LTN;London Luton, London;Luton;London;{'lat': 51.8747, 'lon': -0.368333};GB;1.71
LPFR;LFPO;ORY;Paris-Orly, Paris;Orly;Paris;{'lat': 48.7253, 'lon': 2.35944};FR;1.71
LPFR;EGPF;GLA;Glasgow, Glasgow;Glasgow;;{'lat': 55.8719, 'lon': -4.43306};GB;0.71
LPFR;EGGP;LPL;Liverpool John Lennon, Liverpool;John Lennon;Liverpool;{'lat': 53.3336, 'lon': -2.84972};GB;0.71
LPFR;LFPG;CDG;Charles de Gaulle, Paris;Charles de Gaulle;Paris;{'lat': 49.0128, 'lon': 2.549999};FR;0.71
LPFR;LFSB;BSL;Euro Basel-Mulhouse-Freiburg, Bâle/Mulhouse;Euro Basel-Mulhouse-Freiburg;Bâle/Mulhouse;{'lat': 47.5896, 'lon': 7.52991};FR;0.57
LPFR;EGAA;BFS;Belfast, Belfast;Belfast;;{'lat': 54.6575, 'lon': -6.215829};GB;0.29
LPFR;LFLL;LYS;Lyon Saint-Exupéry, Lyon;Saint-Exupéry;Lyon;{'lat': 45.7264, 'lon': 5.090829};FR;0.29
LPFR;LFRS;NTE;Nantes Atlantique, Nantes;Atlantique;Nantes;{'lat': 47.1532, 'lon': -1.61073};FR;0.29
LPMA;LPPT;LIS;Lisbon Portela, Lisbon;Portela;Lisbon;{'lat': 38.7813, 'lon': -9.135919};PT;12.0
LPMA;LPPR;OPO;Francisco de Sá Carneiro, Porto;Francisco de Sá Carneiro;Porto;{'lat': 41.2481, 'lon': -8.681389};PT;5.43
LPMA;EGKK;LGW;London Gatwick, London;Gatwick;London;{'lat': 51.1481, 'lon': -0.190277};GB;2.15
LPMA;EGCC;MAN;Manchester, Manchester;Manchester;;{'lat': 53.3537, 'lon': -2.27495};GB;1.29
LPMA;EDDB;BER;Berlin Brandenburg, Berlin;Brandenburg;Berlin;{'lat': 52.35139, 'lon': 13.493889};DE;0.57
LPMA;EGGD;BRS;Bristol, Bristol;Bristol;;{'lat': 51.3827, 'lon': -2.719089};GB;0.57
LPMA;LFLL;LYS;Lyon Saint-Exupéry, Lyon;Saint-Exupéry;Lyon;{'lat': 45.7264, 'lon': 5.090829};FR;0.43
LPMA;LIMC;MXP;Malpensa, Milan;Malpensa;Milan;{'lat': 45.6306, 'lon': 8.72811};IT;0.29
LPPR;LEMD;MAD;Adolfo Suárez Madrid–Barajas, Madrid;Adolfo Suárez –Barajas;Madrid;{'lat': 40.4936, 'lon': -3.56676};ES;10.45
LPPR;LPPT;LIS;Lisbon Portela, Lisbon;Portela;Lisbon;{'lat': 38.7813, 'lon': -9.135919};PT;9.44
LPPR;LPMA;FNC;Madeira, Funchal;Madeira;Funchal;{'lat': 32.6979, 'lon': -16.7745};PT;6.71
LPPR;LSGG;GVA;Geneva Cointrin, Geneva;Cointrin;Geneva;{'lat': 46.2381, 'lon': 6.10895};CH;5.43
LPPR;ELLX;LUX;Luxembourg-Findel, Luxembourg;Findel;Luxembourg;{'lat': 49.6266, 'lon': 6.21152};LU;5.43
LPPR;LSZH;ZRH;Kloten, Zurich;Kloten;Zurich;{'lat': 47.4647, 'lon': 8.549169};CH;3.43
LPPR;LFPG;CDG;Charles de Gaulle, Paris;Charles de Gaulle;Paris;{'lat': 49.0128, 'lon': 2.549999};FR;2.81
LPPR;EGKK;LGW;London Gatwick, London;Gatwick;London;{'lat': 51.1481, 'lon': -0.190277};GB;2.43
LPPR;LFLL;LYS;Lyon Saint-Exupéry, Lyon;Saint-Exupéry;Lyon;{'lat': 45.7264, 'lon': 5.090829};FR;2.14
LPPR;LFSB;BSL;Euro Basel-Mulhouse-Freiburg, Bâle/Mulhouse;Euro Basel-Mulhouse-Freiburg;Bâle/Mulhouse;{'lat': 47.5896, 'lon': 7.52991};FR;1.86
LPPR;LIMC;MXP;Malpensa, Milan;Malpensa;Milan;{'lat': 45.6306, 'lon': 8.72811};IT;1.57
LPPR;LFRS;NTE;Nantes Atlantique, Nantes;Atlantique;Nantes;{'lat': 47.1532, 'lon': -1.61073};FR;1.29
LPPR;LFBO;TLS;Toulouse-Blagnac, Toulouse-Blagnac;Toulouse-Blagnac;;{'lat': 43.6291, 'lon': 1.363819};FR;1.29
LPPR;LFBD;BOD;Bordeaux-Mérignac, Bordeaux/Mérignac;Bordeaux-Mérignac;Bordeaux/Mérignac;{'lat': 44.8283, 'lon': -0.715556};FR;1.15
LPPR;LFMN;NCE;Nice-Côte d'Azur, Nice;Côte d'Azur;Nice;{'lat': 43.6584, 'lon': 7.215869};FR;1.0
LPPR;EGGW;LTN;London Luton, London;Luton;London;{'lat': 51.8747, 'lon': -0.368333};GB;0.86
LPPR;EGCC;MAN;Manchester, Manchester;Manchester;;{'lat': 53.3537, 'lon': -2.27495};GB;0.71
LPPR;EGGD;BRS;Bristol, Bristol;Bristol;;{'lat': 51.3827, 'lon': -2.719089};GB;0.43
LPPR;LFRN;RNS;Rennes-Saint-Jacques, Rennes/Saint-Jacques;Rennes-Saint-Jacques;Rennes/Saint-Jacques;{'lat': 48.0695, 'lon': -1.734789};FR;0.43
LPPR;LKPR;PRG;Ruzyn, Prague;Ruzyn;Prague;{'lat': 50.1008, 'lon': 14.26};CZ;0.29
LPPS;LPPT;LIS;Lisbon Portela, Lisbon;Portela;Lisbon;{'lat': 38.7813, 'lon': -9.135919};PT;0.29
LPPT;LEMD;MAD;Adolfo Suárez Madrid–Barajas, Madrid;Adolfo Suárez –Barajas;Madrid;{'lat': 40.4936, 'lon': -3.56676};ES;19.0
LPPT;LPMA;FNC;Madeira, Funchal;Madeira;Funchal;{'lat': 32.6979, 'lon': -16.7745};PT;12.0
LPPT;LEBL;BCN;Barcelona, Barcelona;Barcelona;;{'lat': 41.2971, 'lon': 2.078459};ES;10.57
LPPT;EHAM;AMS;Amsterdam Schiphol, Amsterdam;Schiphol;Amsterdam;{'lat': 52.3086, 'lon': 4.763889};NL;7.71
LPPT;LIMC;MXP;Malpensa, Milan;Malpensa;Milan;{'lat': 45.6306, 'lon': 8.72811};IT;6.58
LPPT;LSGG;GVA;Geneva Cointrin, Geneva;Cointrin;Geneva;{'lat': 46.2381, 'lon': 6.10895};CH;6.43
LPPT;LFPG;CDG;Charles de Gaulle, Paris;Charles de Gaulle;Paris;{'lat': 49.0128, 'lon': 2.549999};FR;6.01
LPPT;LSZH;ZRH;Kloten, Zurich;Kloten;Zurich;{'lat': 47.4647, 'lon': 8.549169};CH;6.0
LPPT;EGKK;LGW;London Gatwick, London;Gatwick;London;{'lat': 51.1481, 'lon': -0.190277};GB;4.29
LPPT;ELLX;LUX;Luxembourg-Findel, Luxembourg;Findel;Luxembourg;{'lat': 49.6266, 'lon': 6.21152};LU;3.43
LPPT;LFML;MRS;Marseille Provence, Marseille;Provence;Marseille;{'lat': 43.43927, 'lon': 5.221424};FR;3.43
LPPT;LEBB;BIO;Bilbao, Bilbao;Bilbao;;{'lat': 43.3011, 'lon': -2.910609};ES;3.14
LPPT;LFLL;LYS;Lyon Saint-Exupéry, Lyon;Saint-Exupéry;Lyon;{'lat': 45.7264, 'lon': 5.090829};FR;3.01
LPPT;LEVC;VLC;Valencia, Valencia;Valencia;;{'lat': 39.4893, 'lon': -0.481624};ES;3.0
LPPT;EGGW;LTN;London Luton, London;Luton;London;{'lat': 51.8747, 'lon': -0.368333};GB;2.86
LPPT;EGCC;MAN;Manchester, Manchester;Manchester;;{'lat': 53.3537, 'lon': -2.27495};GB;2.86
LPPT;LIME;BGY;Orio al Serio, Bergamo;Orio al Serio;Bergamo;{'lat': 45.6739, 'lon': 9.70417};IT;2.86
LPPT;LFBO;TLS;Toulouse-Blagnac, Toulouse-Blagnac;Toulouse-Blagnac;;{'lat': 43.6291, 'lon': 1.363819};FR;2.72
LPPT;LFMN;NCE;Nice-Côte d'Azur, Nice;Côte d'Azur;Nice;{'lat': 43.6584, 'lon': 7.215869};FR;2.44
LPPT;GMMX;RAK;Menara, Marrakech;Menara;Marrakech;{'lat': 31.6069, 'lon': -8.036299};MA;2.29
LPPT;LFBD;BOD;Bordeaux-Mérignac, Bordeaux/Mérignac;Bordeaux-Mérignac;Bordeaux/Mérignac;{'lat': 44.8283, 'lon': -0.715556};FR;1.87
LPPT;LFRS;NTE;Nantes Atlantique, Nantes;Atlantique;Nantes;{'lat': 47.1532, 'lon': -1.61073};FR;1.87
LPPT;LFOB;BVA;Paris Beauvais Tillé, Beauvais/Tillé;Paris Beauvais Tillé;Beauvais/Tillé;{'lat': 49.4544, 'lon': 2.11278};FR;1.86
LPPT;EGGD;BRS;Bristol, Bristol;Bristol;;{'lat': 51.3827, 'lon': -2.719089};GB;1.14
LPPT;LFSB;BSL;Euro Basel-Mulhouse-Freiburg, Bâle/Mulhouse;Euro Basel-Mulhouse-Freiburg;Bâle/Mulhouse;{'lat': 47.5896, 'lon': 7.52991};FR;1.0
LPPT;GCLP;LPA;Gran Canaria, Gran Canaria Island;Gran Canaria;Gran Canaria Island;{'lat': 27.9319, 'lon': -15.386599};ES;1.0
LPPT;GCTS;TFS;Tenerife South, Tenerife Island;Tenerife South;Tenerife Island;{'lat': 28.0445, 'lon': -16.5725};ES;1.0
LPPT;EGPH;EDI;Edinburgh, Edinburgh;Edinburgh;;{'lat': 55.95, 'lon': -3.372499};GB;0.86
LPPT;EGBB;BHX;Birmingham, Birmingham;Birmingham;;{'lat': 52.4539, 'lon': -1.748029};GB;0.57
LPPT;LFRN;RNS;Rennes-Saint-Jacques, Rennes/Saint-Jacques;Rennes-Saint-Jacques;Rennes/Saint-Jacques;{'lat': 48.0695, 'lon': -1.734789};FR;0.43
LPPT;GCFV;FUE;Fuerteventura, Fuerteventura Island;Fuerteventura;Fuerteventura Island;{'lat': 28.4527, 'lon': -13.8638};ES;0.29
LPPT;LPPS;PXO;Porto Santo, Vila Baleira;Porto Santo;Vila Baleira;{'lat': 33.0734, 'lon': -16.35};PT;0.29
LSGG;EGKK;LGW;London Gatwick, London;Gatwick;London;{'lat': 51.1481, 'lon': -0.190277};GB;11.43
LSGG;EHAM;AMS;Amsterdam Schiphol, Amsterdam;Schiphol;Amsterdam;{'lat': 52.3086, 'lon': 4.763889};NL;7.14
LSGG;EGGW;LTN;London Luton, London;Luton;London;{'lat': 51.8747, 'lon': -0.368333};GB;7.0
LSGG;LPPT;LIS;Lisbon Portela, Lisbon;Portela;Lisbon;{'lat': 38.7813, 'lon': -9.135919};PT;6.57
LSGG;EBBR;BRU;Brussels, Brussels;Brussels;;{'lat': 50.9014, 'lon': 4.484439};BE;6.29
LSGG;LEMD;MAD;Adolfo Suárez Madrid–Barajas, Madrid;Adolfo Suárez –Barajas;Madrid;{'lat': 40.4936, 'lon': -3.56676};ES;6.0
LSGG;LPPR;OPO;Francisco de Sá Carneiro, Porto;Francisco de Sá Carneiro;Porto;{'lat': 41.2481, 'lon': -8.681389};PT;5.71
LSGG;EGCC;MAN;Manchester, Manchester;Manchester;;{'lat': 53.3537, 'lon': -2.27495};GB;5.0
LSGG;LEBL;BCN;Barcelona, Barcelona;Barcelona;;{'lat': 41.2971, 'lon': 2.078459};ES;4.86
LSGG;LFMN;NCE;Nice-Côte d'Azur, Nice;Côte d'Azur;Nice;{'lat': 43.6584, 'lon': 7.215869};FR;4.29
LSGG;EGGD;BRS;Bristol, Bristol;Bristol;;{'lat': 51.3827, 'lon': -2.719089};GB;4.14
LSGG;EKCH;CPH;Copenhagen Kastrup, Copenhagen;Kastrup;Copenhagen;{'lat': 55.6179, 'lon': 12.656};DK;4.14
LSGG;EGBB;BHX;Birmingham, Birmingham;Birmingham;;{'lat': 52.4539, 'lon': -1.748029};GB;3.0
LSGG;LIRF;FCO;Leonardo da Vinci–Fiumicino, Rome;Leonardo da Vinci–Fiumicino;Rome;{'lat': 41.8045, 'lon': 12.2508};IT;2.72
LSGG;EGPH;EDI;Edinburgh, Edinburgh;Edinburgh;;{'lat': 55.95, 'lon': -3.372499};GB;2.57
LSGG;EGGP;LPL;Liverpool John Lennon, Liverpool;John Lennon;Liverpool;{'lat': 53.3336, 'lon': -2.84972};GB;2.43
LSGG;LFPO;ORY;Paris-Orly, Paris;Orly;Paris;{'lat': 48.7253, 'lon': 2.35944};FR;2.29
LSGG;ESSA;ARN;Stockholm-Arlanda, Stockholm;Arlanda;Stockholm;{'lat': 59.6519, 'lon': 17.9186};SE;2.29
LSGG;LFBD;BOD;Bordeaux-Mérignac, Bordeaux/Mérignac;Bordeaux-Mérignac;Bordeaux/Mérignac;{'lat': 44.8283, 'lon': -0.715556};FR;2.14
LSGG;LFRS;NTE;Nantes Atlantique, Nantes;Atlantique;Nantes;{'lat': 47.1532, 'lon': -1.61073};FR;2.0
LSGG;GMMX;RAK;Menara, Marrakech;Menara;Marrakech;{'lat': 31.6069, 'lon': -8.036299};MA;1.71
LSGG;BKPR;PRN;Priština, Prishtina;Priština;Prishtina;{'lat': 42.5728, 'lon': 21.0358};KS;1.71
LSGG;EDDB;BER;Berlin Brandenburg, Berlin;Brandenburg;Berlin;{'lat': 52.35139, 'lon': 13.493889};DE;1.57
LSGG;LEMG;AGP;Málaga, Málaga;Málaga;;{'lat': 36.6749, 'lon': -4.49911};ES;1.29
LSGG;LIRN;NAP;Naples, Nápoli;Naples;Nápoli;{'lat': 40.886, 'lon': 14.2908};IT;1.29
LSGG;LLBG;TLV;Ben Gurion, Tel Aviv Yafo;Ben Gurion;Tel Aviv Yafo;{'lat': 32.0114, 'lon': 34.8867};IL;1.14
LSGG;LEAL;ALC;Alicante, Alicante;Alicante;;{'lat': 38.2822, 'lon': -0.558156};ES;1.0
LSGG;EGHH;BOH;Bournemouth, Bournemouth;Bournemouth;;{'lat': 50.78, 'lon': -1.842499};GB;1.0
LSGG;LHBP;BUD;Budapest Ferenc Liszt, Budapest;Ferenc Liszt;Budapest;{'lat': 47.4369, 'lon': 19.255598};HU;1.0
LSGG;LFBO;TLS;Toulouse-Blagnac, Toulouse-Blagnac;Toulouse-Blagnac;;{'lat': 43.6291, 'lon': 1.363819};FR;1.0
LSGG;EGAA;BFS;Belfast, Belfast;Belfast;;{'lat': 54.6575, 'lon': -6.215829};GB;0.86
LSGG;LEST;SCQ;Santiago de Compostela, Santiago de Compostela;Santiago de Compostela;;{'lat': 42.8963, 'lon': -8.41514};ES;0.86
LSGG;EGHI;SOU;Southampton, Southampton;Southampton;;{'lat': 50.9503, 'lon': -1.356799};GB;0.86
LSGG;EGPF;GLA;Glasgow, Glasgow;Glasgow;;{'lat': 55.8719, 'lon': -4.43306};GB;0.71
LSGG;LYBE;BEG;Belgrade Nikola Tesla, Belgrade;Nikola Tesla;Belgrade;{'lat': 44.8184, 'lon': 20.3091};RS;0.57
LSGG;HEGN;HRG;Hurghada, Hurghada;Hurghada;;{'lat': 27.1783, 'lon': 33.7994};EG;0.57
LSGG;LFQQ;LIL;Lille-Lesquin, Lille/Lesquin;Lille-Lesquin;Lille/Lesquin;{'lat': 50.5619, 'lon': 3.08944};FR;0.57
LSGG;EGNT;NCL;Newcastle, Newcastle upon Tyne;Newcastle;Newcastle upon Tyne;{'lat': 55.0375, 'lon': -1.691669};GB;0.57
LSGG;LKPR;PRG;Ruzyn, Prague;Ruzyn;Prague;{'lat': 50.1008, 'lon': 14.26};CZ;0.57
LSGG;LEZL;SVQ;Sevilla, Seville;Sevilla;Seville;{'lat': 37.418, 'lon': -5.893109};ES;0.57
LSGG;GCTS;TFS;Tenerife South, Tenerife Island;Tenerife South;Tenerife Island;{'lat': 28.0445, 'lon': -16.5725};ES;0.57
LSGG;GMAD;AGA;Al Massira, Agadir;Al Massira;Agadir;{'lat': 30.325, 'lon': -9.413069};MA;0.43
LSGG;LFRN;RNS;Rennes-Saint-Jacques, Rennes/Saint-Jacques;Rennes-Saint-Jacques;Rennes/Saint-Jacques;{'lat': 48.0695, 'lon': -1.734789};FR;0.43
LSGG;LWSK;SKP;Skopje Alexander the Great, Skopje;Alexander the Great;Skopje;{'lat': 41.9616, 'lon': 21.6214};MK;0.43
LSGG;LATI;TIA;Tirana   Mother Teresa, Tirana;Mother Teresa;Tirana;{'lat': 41.4147, 'lon': 19.7206};AL;0.43
LSGG;OJAQ;AQJ;Aqaba King Hussein, Aqaba;King Hussein;Aqaba;{'lat': 29.6116, 'lon': 35.0181};JO;0.29
LSGG;LIBR;BDS;Brindisi – Salento, Brindisi;– Salento;Brindisi;{'lat': 40.6576, 'lon': 17.947};IT;0.29
LSGG;LICC;CTA;Catania-Fontanarossa, Catania;Fontanarossa;Catania;{'lat': 37.4668, 'lon': 15.066399};IT;0.29
LSGG;DTNH;NBE;Enfidha - Hammamet, Enfidha;Hammamet;Enfidha;{'lat': 36.075832, 'lon': 10.438611};TN;0.29
LSGG;GCFV;FUE;Fuerteventura, Fuerteventura Island;Fuerteventura;Fuerteventura Island;{'lat': 28.4527, 'lon': -13.8638};ES;0.29
LSGG;LEPA;PMI;Palma De Mallorca, Palma De Mallorca;Palma De Mallorca;;{'lat': 39.5517, 'lon': 2.73881};ES;0.29
LSGG;LIPZ;VCE;Venice Marco Polo, Venice;Marco Polo;Venice;{'lat': 45.5053, 'lon': 12.3519};IT;0.29
LSGG;EGPD;ABZ;Aberdeen Dyce, Aberdeen;Dyce;Aberdeen;{'lat': 57.2019, 'lon': -2.197779};GB;0.14
LSGG;GCLP;LPA;Gran Canaria, Gran Canaria Island;Gran Canaria;Gran Canaria Island;{'lat': 27.9319, 'lon': -15.386599};ES;0.14
LSGG;HESH;SSH;Sharm el Sheikh, Sharm el Sheikh;Sharm el Sheikh;;{'lat': 27.9773, 'lon': 34.395};EG;0.14
LSZH;EDDB;BER;Berlin Brandenburg, Berlin;Brandenburg;Berlin;{'lat': 52.35139, 'lon': 13.493889};DE;9.43
LSZH;LPPT;LIS;Lisbon Portela, Lisbon;Portela;Lisbon;{'lat': 38.7813, 'lon': -9.135919};PT;6.43
LSZH;LPPR;OPO;Francisco de Sá Carneiro, Porto;Francisco de Sá Carneiro;Porto;{'lat': 41.2481, 'lon': -8.681389};PT;3.57
LSZH;EGGW;LTN;London Luton, London;Luton;London;{'lat': 51.8747, 'lon': -0.368333};GB;1.86
LSZH;EGKK;LGW;London Gatwick, London;Gatwick;London;{'lat': 51.1481, 'lon': -0.190277};GB;1.71
LTAI;EGCC;MAN;Manchester, Manchester;Manchester;;{'lat': 53.3537, 'lon': -2.27495};GB;1.71
LTAI;EGKK;LGW;London Gatwick, London;Gatwick;London;{'lat': 51.1481, 'lon': -0.190277};GB;1.14
LTAI;EGGW;LTN;London Luton, London;Luton;London;{'lat': 51.8747, 'lon': -0.368333};GB;1.0
LTAI;EGGP;LPL;Liverpool John Lennon, Liverpool;John Lennon;Liverpool;{'lat': 53.3336, 'lon': -2.84972};GB;0.14
LTBS;EGKK;LGW;London Gatwick, London;Gatwick;London;{'lat': 51.1481, 'lon': -0.190277};GB;0.29
LTBS;EGGW;LTN;London Luton, London;Luton;London;{'lat': 51.8747, 'lon': -0.368333};GB;0.29
LTBS;EGCC;MAN;Manchester, Manchester;Manchester;;{'lat': 53.3537, 'lon': -2.27495};GB;0.29
LXGB;EGKK;LGW;London Gatwick, London;Gatwick;London;{'lat': 51.1481, 'lon': -0.190277};GB;1.0
LXGB;EGCC;MAN;Manchester, Manchester;Manchester;;{'lat': 53.3537, 'lon': -2.27495};GB;0.57
LXGB;EGGD;BRS;Bristol, Bristol;Bristol;;{'lat': 51.3827, 'lon': -2.719089};GB;0.29
LYBE;;GVA;Geneva Cointrin, Geneva;Cointrin;Geneva;{'lat': 46.2381, 'lon': 6.10895};CH;0.57
OJAQ;LSGG;GVA;Geneva Cointrin, Geneva;Cointrin;Geneva;{'lat': 46.2381, 'lon': 6.10895};CH;0.43
OJAQ;EDDB;BER;Berlin Brandenburg, Berlin;Brandenburg;Berlin;{'lat': 52.35139, 'lon': 13.493889};DE;0.29
OJAQ;EGKK;LGW;London Gatwick, London;Gatwick;London;{'lat': 51.1481, 'lon': -0.190277};GB;0.29
